2025-10-02 12:43:06,701-INFO-Ingesting begin_inventory.csv in connected postgres db
2025-10-02 12:43:06,847-INFO-Ingesting end_inventory.csv in connected postgres db
2025-10-02 12:43:06,862-INFO-Ingesting purchase_prices.csv in connected postgres db
2025-10-02 12:43:09,289-INFO-Ingesting purchases.csv in connected postgres db
2025-10-02 12:43:20,267-INFO-Ingesting sales.csv in connected postgres db
2025-10-02 12:43:20,276-INFO-Ingesting vendor_invoice.csv in connected postgres db
2025-10-02 12:43:20,276-INFO-Ingestion completed in -13.747457265853882 minutes
2025-10-02 12:44:18,488-INFO-Ingesting begin_inventory.csv in connected postgres db
2025-10-02 12:44:18,617-INFO-Ingesting end_inventory.csv in connected postgres db
2025-10-02 12:44:18,629-INFO-Ingesting purchase_prices.csv in connected postgres db
2025-10-02 12:44:20,739-INFO-Ingesting purchases.csv in connected postgres db
2025-10-02 12:44:31,520-INFO-Ingesting sales.csv in connected postgres db
2025-10-02 12:44:31,527-INFO-Ingesting vendor_invoice.csv in connected postgres db
2025-10-02 12:44:31,528-INFO-Ingestion completed in 13.174209117889404 seconds
2025-10-11 12:49:48,151-INFO-New_vendor_sales_summary.csv header -> ['col_1', 'vendor_number', 'vendor_name', 'brand', 'description', 'purchase_price', 'actual_price', 'volume', 'total_purchase_quantity', 'total_purchase_dollars', 'total_sales_quantity', 'total_sales_dollars', 'total_sales_price', 'total_excise_tax', 'freight_cost', 'gross_profit', 'profit_margin', 'stock_turnover', 'sales_to_purchase_ratio']
2025-10-11 12:49:48,167-INFO-Ingesting New_vendor_sales_summary.csv in connected postgres db
2025-10-11 12:49:48,175-INFO-begin_inventory.csv header -> ['inventoryid', 'store', 'city', 'brand', 'description', 'size', 'onhand', 'price', 'startdate']
2025-10-11 12:49:48,280-INFO-Ingesting begin_inventory.csv in connected postgres db
2025-10-11 12:49:48,286-INFO-end_inventory.csv header -> ['inventoryid', 'store', 'city', 'brand', 'description', 'size', 'onhand', 'price', 'enddate']
2025-10-11 12:49:48,397-INFO-Ingesting end_inventory.csv in connected postgres db
2025-10-11 12:49:48,401-INFO-purchase_prices.csv header -> ['brand', 'description', 'price', 'size', 'volume', 'classification', 'purchaseprice', 'vendornumber', 'vendorname']
2025-10-11 12:49:48,410-INFO-Ingesting purchase_prices.csv in connected postgres db
2025-10-11 12:49:48,416-INFO-purchases.csv header -> ['inventoryid', 'store', 'brand', 'description', 'size', 'vendornumber', 'vendorname', 'ponumber', 'podate', 'receivingdate', 'invoicedate', 'paydate', 'purchaseprice', 'quantity', 'dollars', 'classification']
2025-10-11 12:49:50,397-INFO-Ingesting purchases.csv in connected postgres db
2025-10-11 12:49:50,402-INFO-sales.csv header -> ['inventoryid', 'store', 'brand', 'description', 'size', 'salesquantity', 'salesdollars', 'salesprice', 'salesdate', 'volume', 'classification', 'excisetax', 'vendorno', 'vendorname']
2025-10-11 12:49:59,860-INFO-Ingesting sales.csv in connected postgres db
2025-10-11 12:49:59,866-INFO-vendor_invoice.csv header -> ['vendornumber', 'vendorname', 'invoicedate', 'ponumber', 'podate', 'paydate', 'quantity', 'dollars', 'freight', 'approval']
2025-10-11 12:49:59,870-INFO-Ingesting vendor_invoice.csv in connected postgres db
2025-10-11 12:49:59,870-INFO-Ingestion completed in 11.731014966964722 seconds
2025-10-11 12:56:53,560-INFO-New_vendor_sales_summary.csv header -> ['col_1', 'vendor_number', 'vendor_name', 'brand', 'description', 'purchase_price', 'actual_price', 'volume', 'total_purchase_quantity', 'total_purchase_dollars', 'total_sales_quantity', 'total_sales_dollars', 'total_sales_price', 'total_excise_tax', 'freight_cost', 'gross_profit', 'profit_margin', 'stock_turnover', 'sales_to_purchase_ratio']
2025-10-11 12:56:53,577-INFO-Ingesting New_vendor_sales_summary.csv in connected postgres db
2025-10-11 12:56:53,584-INFO-begin_inventory.csv header -> ['inventoryid', 'store', 'city', 'brand', 'description', 'size', 'onhand', 'price', 'startdate']
2025-10-11 12:56:53,691-INFO-Ingesting begin_inventory.csv in connected postgres db
2025-10-11 12:56:53,697-INFO-end_inventory.csv header -> ['inventoryid', 'store', 'city', 'brand', 'description', 'size', 'onhand', 'price', 'enddate']
2025-10-11 12:56:53,812-INFO-Ingesting end_inventory.csv in connected postgres db
2025-10-11 12:56:53,815-INFO-purchase_prices.csv header -> ['brand', 'description', 'price', 'size', 'volume', 'classification', 'purchaseprice', 'vendornumber', 'vendorname']
2025-10-11 12:56:53,822-INFO-Ingesting purchase_prices.csv in connected postgres db
2025-10-11 12:56:53,846-INFO-purchases.csv header -> ['inventoryid', 'store', 'brand', 'description', 'size', 'vendornumber', 'vendorname', 'ponumber', 'podate', 'receivingdate', 'invoicedate', 'paydate', 'purchaseprice', 'quantity', 'dollars', 'classification']
2025-10-11 12:56:55,795-INFO-Ingesting purchases.csv in connected postgres db
2025-10-11 12:56:55,881-INFO-sales.csv header -> ['inventoryid', 'store', 'brand', 'description', 'size', 'salesquantity', 'salesdollars', 'salesprice', 'salesdate', 'volume', 'classification', 'excisetax', 'vendorno', 'vendorname']
2025-10-11 12:57:05,171-INFO-Ingesting sales.csv in connected postgres db
2025-10-11 12:57:05,178-INFO-vendor_invoice.csv header -> ['vendornumber', 'vendorname', 'invoicedate', 'ponumber', 'podate', 'paydate', 'quantity', 'dollars', 'freight', 'approval']
2025-10-11 12:57:05,182-INFO-Ingesting vendor_invoice.csv in connected postgres db
2025-10-11 12:57:05,182-INFO-Ingestion completed in 11.626879692077637 seconds
2025-10-11 12:58:40,191-INFO-begin_inventory.csv header -> ['inventoryid', 'store', 'city', 'brand', 'description', 'size', 'onhand', 'price', 'startdate']
2025-10-11 12:58:40,303-INFO-Ingesting begin_inventory.csv in connected postgres db
2025-10-11 12:58:40,307-INFO-end_inventory.csv header -> ['inventoryid', 'store', 'city', 'brand', 'description', 'size', 'onhand', 'price', 'enddate']
2025-10-11 12:58:40,419-INFO-Ingesting end_inventory.csv in connected postgres db
2025-10-11 12:58:40,422-INFO-purchase_prices.csv header -> ['brand', 'description', 'price', 'size', 'volume', 'classification', 'purchaseprice', 'vendornumber', 'vendorname']
2025-10-11 12:58:40,430-INFO-Ingesting purchase_prices.csv in connected postgres db
2025-10-11 12:58:41,475-INFO-purchases.csv header -> ['inventoryid', 'store', 'brand', 'description', 'size', 'vendornumber', 'vendorname', 'ponumber', 'podate', 'receivingdate', 'invoicedate', 'paydate', 'purchaseprice', 'quantity', 'dollars', 'classification']
2025-10-11 12:58:43,441-INFO-Ingesting purchases.csv in connected postgres db
2025-10-11 12:58:44,562-INFO-sales.csv header -> ['inventoryid', 'store', 'brand', 'description', 'size', 'salesquantity', 'salesdollars', 'salesprice', 'salesdate', 'volume', 'classification', 'excisetax', 'vendorno', 'vendorname']
2025-10-11 12:58:53,520-INFO-Ingesting sales.csv in connected postgres db
2025-10-11 12:58:53,523-INFO-vendor_invoice.csv header -> ['vendornumber', 'vendorname', 'invoicedate', 'ponumber', 'podate', 'paydate', 'quantity', 'dollars', 'freight', 'approval']
2025-10-11 12:58:53,527-INFO-Ingesting vendor_invoice.csv in connected postgres db
2025-10-11 12:58:53,527-INFO-Ingestion completed in 13.343555927276611 seconds
2025-10-11 13:04:02,762-INFO-begin_inventory.csv header -> ['inventoryid', 'store', 'city', 'brand', 'description', 'size', 'onhand', 'price', 'startdate']
2025-10-11 13:04:02,876-INFO-Ingesting begin_inventory.csv in connected postgres db
2025-10-11 13:04:02,881-INFO-end_inventory.csv header -> ['inventoryid', 'store', 'city', 'brand', 'description', 'size', 'onhand', 'price', 'enddate']
2025-10-11 13:04:02,990-INFO-Ingesting end_inventory.csv in connected postgres db
2025-10-11 13:04:02,993-INFO-purchase_prices.csv header -> ['brand', 'description', 'price', 'size', 'volume', 'classification', 'purchaseprice', 'vendornumber', 'vendorname']
2025-10-11 13:04:03,000-INFO-Ingesting purchase_prices.csv in connected postgres db
2025-10-11 13:04:03,028-INFO-purchases.csv header -> ['inventoryid', 'store', 'brand', 'description', 'size', 'vendornumber', 'vendorname', 'ponumber', 'podate', 'receivingdate', 'invoicedate', 'paydate', 'purchaseprice', 'quantity', 'dollars', 'classification']
2025-10-11 13:04:04,952-INFO-Ingesting purchases.csv in connected postgres db
2025-10-11 13:04:05,037-INFO-sales.csv header -> ['inventoryid', 'store', 'brand', 'description', 'size', 'salesquantity', 'salesdollars', 'salesprice', 'salesdate', 'volume', 'classification', 'excisetax', 'vendorno', 'vendorname']
2025-10-11 13:04:13,985-INFO-Ingesting sales.csv in connected postgres db
2025-10-11 13:04:13,988-INFO-vendor_invoice.csv header -> ['vendornumber', 'vendorname', 'invoicedate', 'ponumber', 'podate', 'paydate', 'quantity', 'dollars', 'freight', 'approval']
2025-10-11 13:04:13,992-INFO-Ingesting vendor_invoice.csv in connected postgres db
2025-10-11 13:04:13,992-INFO-Ingestion completed in 11.242062091827393 seconds
2025-10-11 13:12:48,372-DEBUG-locator: <matplotlib.ticker.AutoLocator object at 0xffff30238560>
2025-10-11 14:36:31,851-DEBUG-locator: <matplotlib.ticker.AutoLocator object at 0xffff3023a1b0>
2025-10-11 14:59:20,366-DEBUG-findfont: Matching sans\-serif:style=normal:variant=normal:weight=bold:stretch=normal:size=15.0.
2025-10-11 14:59:20,369-DEBUG-findfont: score(FontEntry(fname='/opt/base-uv/.venv/lib/python3.12/site-packages/matplotlib/mpl-data/fonts/ttf/STIXSizFourSymReg.ttf', name='STIXSizeFourSym', style='normal', variant='normal', weight=400, stretch='normal', size='scalable')) = 10.335
2025-10-11 14:59:20,369-DEBUG-findfont: score(FontEntry(fname='/opt/base-uv/.venv/lib/python3.12/site-packages/matplotlib/mpl-data/fonts/ttf/STIXSizThreeSymBol.ttf', name='STIXSizeThreeSym', style='normal', variant='normal', weight=700, stretch='normal', size='scalable')) = 10.05
2025-10-11 14:59:20,369-DEBUG-findfont: score(FontEntry(fname='/opt/base-uv/.venv/lib/python3.12/site-packages/matplotlib/mpl-data/fonts/ttf/STIXSizOneSymReg.ttf', name='STIXSizeOneSym', style='normal', variant='normal', weight=400, stretch='normal', size='scalable')) = 10.335
2025-10-11 14:59:20,370-DEBUG-findfont: score(FontEntry(fname='/opt/base-uv/.venv/lib/python3.12/site-packages/matplotlib/mpl-data/fonts/ttf/STIXGeneralBolIta.ttf', name='STIXGeneral', style='italic', variant='normal', weight=700, stretch='normal', size='scalable')) = 11.05
2025-10-11 14:59:20,370-DEBUG-findfont: score(FontEntry(fname='/opt/base-uv/.venv/lib/python3.12/site-packages/matplotlib/mpl-data/fonts/ttf/STIXGeneralBol.ttf', name='STIXGeneral', style='normal', variant='normal', weight=700, stretch='normal', size='scalable')) = 10.05
2025-10-11 14:59:20,370-DEBUG-findfont: score(FontEntry(fname='/opt/base-uv/.venv/lib/python3.12/site-packages/matplotlib/mpl-data/fonts/ttf/STIXSizOneSymBol.ttf', name='STIXSizeOneSym', style='normal', variant='normal', weight=700, stretch='normal', size='scalable')) = 10.05
2025-10-11 14:59:20,370-DEBUG-findfont: score(FontEntry(fname='/opt/base-uv/.venv/lib/python3.12/site-packages/matplotlib/mpl-data/fonts/ttf/DejaVuSans.ttf', name='DejaVu Sans', style='normal', variant='normal', weight=400, stretch='normal', size='scalable')) = 0.33499999999999996
2025-10-11 14:59:20,370-DEBUG-findfont: score(FontEntry(fname='/opt/base-uv/.venv/lib/python3.12/site-packages/matplotlib/mpl-data/fonts/ttf/STIXNonUniBolIta.ttf', name='STIXNonUnicode', style='italic', variant='normal', weight=700, stretch='normal', size='scalable')) = 11.05
2025-10-11 14:59:20,370-DEBUG-findfont: score(FontEntry(fname='/opt/base-uv/.venv/lib/python3.12/site-packages/matplotlib/mpl-data/fonts/ttf/DejaVuSans-Bold.ttf', name='DejaVu Sans', style='normal', variant='normal', weight=700, stretch='normal', size='scalable')) = 0.05
2025-10-11 14:59:20,370-DEBUG-findfont: score(FontEntry(fname='/opt/base-uv/.venv/lib/python3.12/site-packages/matplotlib/mpl-data/fonts/ttf/DejaVuSansMono-BoldOblique.ttf', name='DejaVu Sans Mono', style='oblique', variant='normal', weight=700, stretch='normal', size='scalable')) = 11.05
2025-10-11 14:59:20,371-DEBUG-findfont: score(FontEntry(fname='/opt/base-uv/.venv/lib/python3.12/site-packages/matplotlib/mpl-data/fonts/ttf/DejaVuSans-Oblique.ttf', name='DejaVu Sans', style='oblique', variant='normal', weight=400, stretch='normal', size='scalable')) = 1.335
2025-10-11 14:59:20,371-DEBUG-findfont: score(FontEntry(fname='/opt/base-uv/.venv/lib/python3.12/site-packages/matplotlib/mpl-data/fonts/ttf/DejaVuSerif-BoldItalic.ttf', name='DejaVu Serif', style='italic', variant='normal', weight=700, stretch='normal', size='scalable')) = 11.05
2025-10-11 14:59:20,371-DEBUG-findfont: score(FontEntry(fname='/opt/base-uv/.venv/lib/python3.12/site-packages/matplotlib/mpl-data/fonts/ttf/DejaVuSans-BoldOblique.ttf', name='DejaVu Sans', style='oblique', variant='normal', weight=700, stretch='normal', size='scalable')) = 1.05
2025-10-11 14:59:20,371-DEBUG-findfont: score(FontEntry(fname='/opt/base-uv/.venv/lib/python3.12/site-packages/matplotlib/mpl-data/fonts/ttf/DejaVuSansMono-Oblique.ttf', name='DejaVu Sans Mono', style='oblique', variant='normal', weight=400, stretch='normal', size='scalable')) = 11.335
2025-10-11 14:59:20,371-DEBUG-findfont: score(FontEntry(fname='/opt/base-uv/.venv/lib/python3.12/site-packages/matplotlib/mpl-data/fonts/ttf/cmtt10.ttf', name='cmtt10', style='normal', variant='normal', weight=400, stretch='normal', size='scalable')) = 10.335
2025-10-11 14:59:20,371-DEBUG-findfont: score(FontEntry(fname='/opt/base-uv/.venv/lib/python3.12/site-packages/matplotlib/mpl-data/fonts/ttf/cmss10.ttf', name='cmss10', style='normal', variant='normal', weight=400, stretch='normal', size='scalable')) = 10.335
2025-10-11 14:59:20,372-DEBUG-findfont: score(FontEntry(fname='/opt/base-uv/.venv/lib/python3.12/site-packages/matplotlib/mpl-data/fonts/ttf/DejaVuSansMono.ttf', name='DejaVu Sans Mono', style='normal', variant='normal', weight=400, stretch='normal', size='scalable')) = 10.335
2025-10-11 14:59:20,372-DEBUG-findfont: score(FontEntry(fname='/opt/base-uv/.venv/lib/python3.12/site-packages/matplotlib/mpl-data/fonts/ttf/STIXSizTwoSymReg.ttf', name='STIXSizeTwoSym', style='normal', variant='normal', weight=400, stretch='normal', size='scalable')) = 10.335
2025-10-11 14:59:20,372-DEBUG-findfont: score(FontEntry(fname='/opt/base-uv/.venv/lib/python3.12/site-packages/matplotlib/mpl-data/fonts/ttf/STIXGeneral.ttf', name='STIXGeneral', style='normal', variant='normal', weight=400, stretch='normal', size='scalable')) = 10.335
2025-10-11 14:59:20,372-DEBUG-findfont: score(FontEntry(fname='/opt/base-uv/.venv/lib/python3.12/site-packages/matplotlib/mpl-data/fonts/ttf/STIXSizFiveSymReg.ttf', name='STIXSizeFiveSym', style='normal', variant='normal', weight=400, stretch='normal', size='scalable')) = 10.335
2025-10-11 14:59:20,373-DEBUG-findfont: score(FontEntry(fname='/opt/base-uv/.venv/lib/python3.12/site-packages/matplotlib/mpl-data/fonts/ttf/DejaVuSerif-Italic.ttf', name='DejaVu Serif', style='italic', variant='normal', weight=400, stretch='normal', size='scalable')) = 11.335
2025-10-11 14:59:20,374-DEBUG-findfont: score(FontEntry(fname='/opt/base-uv/.venv/lib/python3.12/site-packages/matplotlib/mpl-data/fonts/ttf/DejaVuSansDisplay.ttf', name='DejaVu Sans Display', style='normal', variant='normal', weight=400, stretch='normal', size='scalable')) = 10.335
2025-10-11 14:59:20,374-DEBUG-findfont: score(FontEntry(fname='/opt/base-uv/.venv/lib/python3.12/site-packages/matplotlib/mpl-data/fonts/ttf/cmex10.ttf', name='cmex10', style='normal', variant='normal', weight=400, stretch='normal', size='scalable')) = 10.335
2025-10-11 14:59:20,374-DEBUG-findfont: score(FontEntry(fname='/opt/base-uv/.venv/lib/python3.12/site-packages/matplotlib/mpl-data/fonts/ttf/cmr10.ttf', name='cmr10', style='normal', variant='normal', weight=400, stretch='normal', size='scalable')) = 10.335
2025-10-11 14:59:20,374-DEBUG-findfont: score(FontEntry(fname='/opt/base-uv/.venv/lib/python3.12/site-packages/matplotlib/mpl-data/fonts/ttf/STIXSizTwoSymBol.ttf', name='STIXSizeTwoSym', style='normal', variant='normal', weight=700, stretch='normal', size='scalable')) = 10.05
2025-10-11 14:59:20,374-DEBUG-findfont: score(FontEntry(fname='/opt/base-uv/.venv/lib/python3.12/site-packages/matplotlib/mpl-data/fonts/ttf/STIXSizThreeSymReg.ttf', name='STIXSizeThreeSym', style='normal', variant='normal', weight=400, stretch='normal', size='scalable')) = 10.335
2025-10-11 14:59:20,374-DEBUG-findfont: score(FontEntry(fname='/opt/base-uv/.venv/lib/python3.12/site-packages/matplotlib/mpl-data/fonts/ttf/STIXNonUniIta.ttf', name='STIXNonUnicode', style='italic', variant='normal', weight=400, stretch='normal', size='scalable')) = 11.335
2025-10-11 14:59:20,374-DEBUG-findfont: score(FontEntry(fname='/opt/base-uv/.venv/lib/python3.12/site-packages/matplotlib/mpl-data/fonts/ttf/DejaVuSerif.ttf', name='DejaVu Serif', style='normal', variant='normal', weight=400, stretch='normal', size='scalable')) = 10.335
2025-10-11 14:59:20,374-DEBUG-findfont: score(FontEntry(fname='/opt/base-uv/.venv/lib/python3.12/site-packages/matplotlib/mpl-data/fonts/ttf/STIXSizFourSymBol.ttf', name='STIXSizeFourSym', style='normal', variant='normal', weight=700, stretch='normal', size='scalable')) = 10.05
2025-10-11 14:59:20,375-DEBUG-findfont: score(FontEntry(fname='/opt/base-uv/.venv/lib/python3.12/site-packages/matplotlib/mpl-data/fonts/ttf/DejaVuSansMono-Bold.ttf', name='DejaVu Sans Mono', style='normal', variant='normal', weight=700, stretch='normal', size='scalable')) = 10.05
2025-10-11 14:59:20,375-DEBUG-findfont: score(FontEntry(fname='/opt/base-uv/.venv/lib/python3.12/site-packages/matplotlib/mpl-data/fonts/ttf/DejaVuSerif-Bold.ttf', name='DejaVu Serif', style='normal', variant='normal', weight=700, stretch='normal', size='scalable')) = 10.05
2025-10-11 14:59:20,375-DEBUG-findfont: score(FontEntry(fname='/opt/base-uv/.venv/lib/python3.12/site-packages/matplotlib/mpl-data/fonts/ttf/STIXGeneralItalic.ttf', name='STIXGeneral', style='italic', variant='normal', weight=400, stretch='normal', size='scalable')) = 11.335
2025-10-11 14:59:20,375-DEBUG-findfont: score(FontEntry(fname='/opt/base-uv/.venv/lib/python3.12/site-packages/matplotlib/mpl-data/fonts/ttf/STIXNonUni.ttf', name='STIXNonUnicode', style='normal', variant='normal', weight=400, stretch='normal', size='scalable')) = 10.335
2025-10-11 14:59:20,375-DEBUG-findfont: score(FontEntry(fname='/opt/base-uv/.venv/lib/python3.12/site-packages/matplotlib/mpl-data/fonts/ttf/cmsy10.ttf', name='cmsy10', style='normal', variant='normal', weight=400, stretch='normal', size='scalable')) = 10.335
2025-10-11 14:59:20,375-DEBUG-findfont: score(FontEntry(fname='/opt/base-uv/.venv/lib/python3.12/site-packages/matplotlib/mpl-data/fonts/ttf/STIXNonUniBol.ttf', name='STIXNonUnicode', style='normal', variant='normal', weight=700, stretch='normal', size='scalable')) = 10.05
2025-10-11 14:59:20,375-DEBUG-findfont: score(FontEntry(fname='/opt/base-uv/.venv/lib/python3.12/site-packages/matplotlib/mpl-data/fonts/ttf/cmmi10.ttf', name='cmmi10', style='normal', variant='normal', weight=400, stretch='normal', size='scalable')) = 10.335
2025-10-11 14:59:20,375-DEBUG-findfont: score(FontEntry(fname='/opt/base-uv/.venv/lib/python3.12/site-packages/matplotlib/mpl-data/fonts/ttf/DejaVuSerifDisplay.ttf', name='DejaVu Serif Display', style='normal', variant='normal', weight=400, stretch='normal', size='scalable')) = 10.335
2025-10-11 14:59:20,375-DEBUG-findfont: score(FontEntry(fname='/opt/base-uv/.venv/lib/python3.12/site-packages/matplotlib/mpl-data/fonts/ttf/cmb10.ttf', name='cmb10', style='normal', variant='normal', weight=400, stretch='normal', size='scalable')) = 10.335
2025-10-11 14:59:20,375-DEBUG-findfont: score(FontEntry(fname='/usr/share/fonts/truetype/lato/Lato-Thin.ttf', name='Lato', style='normal', variant='normal', weight=275, stretch='normal', size='scalable')) = 10.45375
2025-10-11 14:59:20,375-DEBUG-findfont: score(FontEntry(fname='/opt/conda/fonts/UbuntuMono-B.ttf', name='Ubuntu Mono', style='normal', variant='normal', weight=700, stretch='normal', size='scalable')) = 10.05
2025-10-11 14:59:20,375-DEBUG-findfont: score(FontEntry(fname='/opt/conda/fonts/Ubuntu-B.ttf', name='Ubuntu', style='normal', variant='normal', weight=700, stretch='normal', size='scalable')) = 10.05
2025-10-11 14:59:20,375-DEBUG-findfont: score(FontEntry(fname='/usr/share/fonts/truetype/lato/Lato-Light.ttf', name='Lato', style='normal', variant='normal', weight=300, stretch='normal', size='scalable')) = 10.43
2025-10-11 14:59:20,376-DEBUG-findfont: score(FontEntry(fname='/usr/share/fonts/opentype/urw-base35/Z003-MediumItalic.otf', name='Z003', style='italic', variant='normal', weight=500, stretch='normal', size='scalable')) = 11.24
2025-10-11 14:59:20,376-DEBUG-findfont: score(FontEntry(fname='/usr/share/fonts/opentype/urw-base35/StandardSymbolsPS.otf', name='Standard Symbols PS', style='normal', variant='normal', weight=400, stretch='normal', size='scalable')) = 10.335
2025-10-11 14:59:20,376-DEBUG-findfont: score(FontEntry(fname='/opt/conda/fonts/DejaVuSans.ttf', name='DejaVu Sans', style='normal', variant='normal', weight=400, stretch='normal', size='scalable')) = 0.33499999999999996
2025-10-11 14:59:20,376-DEBUG-findfont: score(FontEntry(fname='/opt/conda/fonts/Ubuntu-Th.ttf', name='Ubuntu', style='normal', variant='normal', weight=250, stretch='normal', size='scalable')) = 10.4775
2025-10-11 14:59:20,376-DEBUG-findfont: score(FontEntry(fname='/usr/share/fonts/truetype/lato/Lato-BlackItalic.ttf', name='Lato', style='italic', variant='normal', weight=900, stretch='normal', size='scalable')) = 11.24
2025-10-11 14:59:20,376-DEBUG-findfont: score(FontEntry(fname='/usr/share/fonts/opentype/urw-base35/NimbusMonoPS-Italic.otf', name='Nimbus Mono PS', style='italic', variant='normal', weight=400, stretch='normal', size='scalable')) = 11.335
2025-10-11 14:59:20,376-DEBUG-findfont: score(FontEntry(fname='/usr/share/fonts/opentype/urw-base35/NimbusSansNarrow-Oblique.otf', name='Nimbus Sans Narrow', style='oblique', variant='normal', weight=400, stretch='condensed', size='scalable')) = 11.535
2025-10-11 14:59:20,376-DEBUG-findfont: score(FontEntry(fname='/usr/share/fonts/opentype/urw-base35/P052-Italic.otf', name='P052', style='italic', variant='normal', weight=400, stretch='normal', size='scalable')) = 11.335
2025-10-11 14:59:20,376-DEBUG-findfont: score(FontEntry(fname='/usr/share/fonts/truetype/liberation/LiberationSans-BoldItalic.ttf', name='Liberation Sans', style='italic', variant='normal', weight=700, stretch='normal', size='scalable')) = 11.05
2025-10-11 14:59:20,376-DEBUG-findfont: score(FontEntry(fname='/usr/share/fonts/opentype/urw-base35/NimbusMonoPS-Bold.otf', name='Nimbus Mono PS', style='normal', variant='normal', weight=700, stretch='normal', size='scalable')) = 10.05
2025-10-11 14:59:20,376-DEBUG-findfont: score(FontEntry(fname='/opt/conda/fonts/Ubuntu-R.ttf', name='Ubuntu', style='normal', variant='normal', weight=400, stretch='normal', size='scalable')) = 10.335
2025-10-11 14:59:20,377-DEBUG-findfont: score(FontEntry(fname='/usr/share/fonts/truetype/lato/Lato-Hairline.ttf', name='Lato', style='normal', variant='normal', weight=250, stretch='normal', size='scalable')) = 10.4775
2025-10-11 14:59:20,377-DEBUG-findfont: score(FontEntry(fname='/opt/conda/fonts/Ubuntu-M.ttf', name='Ubuntu', style='normal', variant='normal', weight=500, stretch='normal', size='scalable')) = 10.24
2025-10-11 14:59:20,377-DEBUG-findfont: score(FontEntry(fname='/opt/conda/fonts/SourceCodePro-Black.ttf', name='Source Code Pro', style='normal', variant='normal', weight=900, stretch='normal', size='scalable')) = 10.24
2025-10-11 14:59:20,377-DEBUG-findfont: score(FontEntry(fname='/opt/conda/fonts/Ubuntu-C.ttf', name='Ubuntu Condensed', style='normal', variant='normal', weight=400, stretch='condensed', size='scalable')) = 10.535
2025-10-11 14:59:20,377-DEBUG-findfont: score(FontEntry(fname='/usr/share/fonts/opentype/urw-base35/NimbusRoman-Italic.otf', name='Nimbus Roman', style='italic', variant='normal', weight=400, stretch='normal', size='scalable')) = 11.335
2025-10-11 14:59:20,377-DEBUG-findfont: score(FontEntry(fname='/usr/share/fonts/truetype/lato/Lato-ThinItalic.ttf', name='Lato', style='italic', variant='normal', weight=275, stretch='normal', size='scalable')) = 11.45375
2025-10-11 14:59:20,377-DEBUG-findfont: score(FontEntry(fname='/usr/share/fonts/truetype/lato/Lato-Heavy.ttf', name='Lato', style='normal', variant='normal', weight=800, stretch='normal', size='scalable')) = 10.145
2025-10-11 14:59:20,377-DEBUG-findfont: score(FontEntry(fname='/usr/share/fonts/opentype/urw-base35/NimbusSans-Italic.otf', name='Nimbus Sans', style='italic', variant='normal', weight=400, stretch='normal', size='scalable')) = 11.335
2025-10-11 14:59:20,377-DEBUG-findfont: score(FontEntry(fname='/usr/share/fonts/truetype/liberation/LiberationMono-Regular.ttf', name='Liberation Mono', style='normal', variant='normal', weight=400, stretch='normal', size='scalable')) = 10.335
2025-10-11 14:59:20,377-DEBUG-findfont: score(FontEntry(fname='/usr/share/fonts/opentype/urw-base35/NimbusRoman-Bold.otf', name='Nimbus Roman', style='normal', variant='normal', weight=700, stretch='normal', size='scalable')) = 10.05
2025-10-11 14:59:20,377-DEBUG-findfont: score(FontEntry(fname='/usr/share/fonts/opentype/urw-base35/D050000L.otf', name='D050000L', style='normal', variant='normal', weight=400, stretch='normal', size='scalable')) = 10.335
2025-10-11 14:59:20,377-DEBUG-findfont: score(FontEntry(fname='/usr/share/fonts/truetype/lato/Lato-BoldItalic.ttf', name='Lato', style='italic', variant='normal', weight=700, stretch='normal', size='scalable')) = 11.05
2025-10-11 14:59:20,377-DEBUG-findfont: score(FontEntry(fname='/usr/share/fonts/truetype/lato/Lato-SemiboldItalic.ttf', name='Lato', style='italic', variant='normal', weight=600, stretch='normal', size='scalable')) = 11.145
2025-10-11 14:59:20,378-DEBUG-findfont: score(FontEntry(fname='/opt/conda/fonts/Ubuntu-BI.ttf', name='Ubuntu', style='italic', variant='normal', weight=700, stretch='normal', size='scalable')) = 11.05
2025-10-11 14:59:20,378-DEBUG-findfont: score(FontEntry(fname='/usr/share/fonts/opentype/urw-base35/P052-BoldItalic.otf', name='P052', style='italic', variant='normal', weight=700, stretch='normal', size='scalable')) = 11.05
2025-10-11 14:59:20,378-DEBUG-findfont: score(FontEntry(fname='/usr/share/fonts/opentype/urw-base35/C059-Roman.otf', name='C059', style='normal', variant='normal', weight=400, stretch='normal', size='scalable')) = 10.335
2025-10-11 14:59:20,378-DEBUG-findfont: score(FontEntry(fname='/usr/share/fonts/opentype/urw-base35/URWGothic-BookOblique.otf', name='URW Gothic', style='oblique', variant='normal', weight=400, stretch='normal', size='scalable')) = 11.335
2025-10-11 14:59:20,378-DEBUG-findfont: score(FontEntry(fname='/opt/conda/fonts/SourceCodePro-Semibold.ttf', name='Source Code Pro', style='normal', variant='normal', weight=600, stretch='normal', size='scalable')) = 10.145
2025-10-11 14:59:20,378-DEBUG-findfont: score(FontEntry(fname='/usr/share/fonts/truetype/lato/Lato-Semibold.ttf', name='Lato', style='normal', variant='normal', weight=600, stretch='normal', size='scalable')) = 10.145
2025-10-11 14:59:20,378-DEBUG-findfont: score(FontEntry(fname='/opt/conda/fonts/Ubuntu-LI.ttf', name='Ubuntu', style='italic', variant='normal', weight=300, stretch='normal', size='scalable')) = 11.43
2025-10-11 14:59:20,378-DEBUG-findfont: score(FontEntry(fname='/opt/conda/fonts/Ubuntu-L.ttf', name='Ubuntu', style='normal', variant='normal', weight=300, stretch='normal', size='scalable')) = 10.43
2025-10-11 14:59:20,378-DEBUG-findfont: score(FontEntry(fname='/opt/conda/fonts/SourceCodePro-BlackIt.ttf', name='Source Code Pro', style='italic', variant='normal', weight=900, stretch='normal', size='scalable')) = 11.24
2025-10-11 14:59:20,378-DEBUG-findfont: score(FontEntry(fname='/usr/share/fonts/opentype/urw-base35/URWGothic-Book.otf', name='URW Gothic', style='normal', variant='normal', weight=400, stretch='normal', size='scalable')) = 10.335
2025-10-11 14:59:20,378-DEBUG-findfont: score(FontEntry(fname='/usr/share/fonts/opentype/urw-base35/URWBookman-Light.otf', name='URW Bookman', style='normal', variant='normal', weight=300, stretch='normal', size='scalable')) = 10.43
2025-10-11 14:59:20,378-DEBUG-findfont: score(FontEntry(fname='/usr/share/fonts/opentype/urw-base35/URWBookman-Demi.otf', name='URW Bookman', style='normal', variant='normal', weight=600, stretch='normal', size='scalable')) = 10.145
2025-10-11 14:59:20,379-DEBUG-findfont: score(FontEntry(fname='/opt/conda/fonts/Inconsolata-Regular.ttf', name='Inconsolata', style='normal', variant='normal', weight=400, stretch='normal', size='scalable')) = 10.335
2025-10-11 14:59:20,379-DEBUG-findfont: score(FontEntry(fname='/usr/share/fonts/truetype/liberation/LiberationMono-Italic.ttf', name='Liberation Mono', style='italic', variant='normal', weight=400, stretch='normal', size='scalable')) = 11.335
2025-10-11 14:59:20,379-DEBUG-findfont: score(FontEntry(fname='/usr/share/fonts/opentype/urw-base35/NimbusRoman-BoldItalic.otf', name='Nimbus Roman', style='italic', variant='normal', weight=700, stretch='normal', size='scalable')) = 11.05
2025-10-11 14:59:20,379-DEBUG-findfont: score(FontEntry(fname='/usr/share/fonts/opentype/urw-base35/URWBookman-DemiItalic.otf', name='URW Bookman', style='italic', variant='normal', weight=600, stretch='normal', size='scalable')) = 11.145
2025-10-11 14:59:20,379-DEBUG-findfont: score(FontEntry(fname='/usr/share/fonts/opentype/urw-base35/URWGothic-DemiOblique.otf', name='URW Gothic', style='oblique', variant='normal', weight=600, stretch='normal', size='scalable')) = 11.145
2025-10-11 14:59:20,379-DEBUG-findfont: score(FontEntry(fname='/usr/share/fonts/truetype/lato/Lato-Italic.ttf', name='Lato', style='italic', variant='normal', weight=400, stretch='normal', size='scalable')) = 11.335
2025-10-11 14:59:20,379-DEBUG-findfont: score(FontEntry(fname='/usr/share/fonts/truetype/lato/Lato-MediumItalic.ttf', name='Lato', style='italic', variant='normal', weight=500, stretch='normal', size='scalable')) = 11.24
2025-10-11 14:59:20,379-DEBUG-findfont: score(FontEntry(fname='/opt/conda/fonts/Ubuntu-RI.ttf', name='Ubuntu', style='italic', variant='normal', weight=400, stretch='normal', size='scalable')) = 11.335
2025-10-11 14:59:20,379-DEBUG-findfont: score(FontEntry(fname='/opt/conda/fonts/UbuntuMono-RI.ttf', name='Ubuntu Mono', style='italic', variant='normal', weight=400, stretch='normal', size='scalable')) = 11.335
2025-10-11 14:59:20,379-DEBUG-findfont: score(FontEntry(fname='/usr/share/fonts/opentype/urw-base35/NimbusSansNarrow-Regular.otf', name='Nimbus Sans Narrow', style='normal', variant='normal', weight=400, stretch='condensed', size='scalable')) = 10.535
2025-10-11 14:59:20,379-DEBUG-findfont: score(FontEntry(fname='/usr/share/fonts/truetype/lato/Lato-Regular.ttf', name='Lato', style='normal', variant='normal', weight=400, stretch='normal', size='scalable')) = 10.335
2025-10-11 14:59:20,379-DEBUG-findfont: score(FontEntry(fname='/usr/share/fonts/opentype/urw-base35/P052-Roman.otf', name='P052', style='normal', variant='normal', weight=400, stretch='normal', size='scalable')) = 10.335
2025-10-11 14:59:20,379-DEBUG-findfont: score(FontEntry(fname='/usr/share/fonts/opentype/urw-base35/C059-Italic.otf', name='C059', style='italic', variant='normal', weight=400, stretch='normal', size='scalable')) = 11.335
2025-10-11 14:59:20,379-DEBUG-findfont: score(FontEntry(fname='/usr/share/fonts/opentype/urw-base35/NimbusSans-Bold.otf', name='Nimbus Sans', style='normal', variant='normal', weight=700, stretch='normal', size='scalable')) = 10.05
2025-10-11 14:59:20,379-DEBUG-findfont: score(FontEntry(fname='/usr/share/fonts/opentype/urw-base35/C059-Bold.otf', name='C059', style='normal', variant='normal', weight=700, stretch='normal', size='scalable')) = 10.05
2025-10-11 14:59:20,379-DEBUG-findfont: score(FontEntry(fname='/opt/conda/fonts/SourceCodePro-ExtraLight.ttf', name='Source Code Pro', style='normal', variant='normal', weight=200, stretch='normal', size='scalable')) = 10.525
2025-10-11 14:59:20,379-DEBUG-findfont: score(FontEntry(fname='/opt/conda/fonts/UbuntuMono-BI.ttf', name='Ubuntu Mono', style='italic', variant='normal', weight=700, stretch='normal', size='scalable')) = 11.05
2025-10-11 14:59:20,379-DEBUG-findfont: score(FontEntry(fname='/usr/share/fonts/truetype/liberation/LiberationMono-Bold.ttf', name='Liberation Mono', style='normal', variant='normal', weight=700, stretch='normal', size='scalable')) = 10.05
2025-10-11 14:59:20,379-DEBUG-findfont: score(FontEntry(fname='/opt/conda/fonts/UbuntuMono-R.ttf', name='Ubuntu Mono', style='normal', variant='normal', weight=400, stretch='normal', size='scalable')) = 10.335
2025-10-11 14:59:20,379-DEBUG-findfont: score(FontEntry(fname='/opt/conda/fonts/SourceCodePro-Regular.ttf', name='Source Code Pro', style='normal', variant='normal', weight=400, stretch='normal', size='scalable')) = 10.335
2025-10-11 14:59:20,379-DEBUG-findfont: score(FontEntry(fname='/opt/conda/fonts/SourceCodePro-BoldIt.ttf', name='Source Code Pro', style='italic', variant='normal', weight=700, stretch='normal', size='scalable')) = 11.05
2025-10-11 14:59:20,379-DEBUG-findfont: score(FontEntry(fname='/opt/conda/fonts/SourceCodePro-MediumIt.ttf', name='Source Code Pro', style='italic', variant='normal', weight=500, stretch='normal', size='scalable')) = 11.24
2025-10-11 14:59:20,379-DEBUG-findfont: score(FontEntry(fname='/usr/share/fonts/truetype/liberation/LiberationSans-Italic.ttf', name='Liberation Sans', style='italic', variant='normal', weight=400, stretch='normal', size='scalable')) = 11.335
2025-10-11 14:59:20,379-DEBUG-findfont: score(FontEntry(fname='/usr/share/fonts/truetype/liberation/LiberationSerif-BoldItalic.ttf', name='Liberation Serif', style='italic', variant='normal', weight=700, stretch='normal', size='scalable')) = 11.05
2025-10-11 14:59:20,379-DEBUG-findfont: score(FontEntry(fname='/usr/share/fonts/truetype/liberation/LiberationMono-BoldItalic.ttf', name='Liberation Mono', style='italic', variant='normal', weight=700, stretch='normal', size='scalable')) = 11.05
2025-10-11 14:59:20,379-DEBUG-findfont: score(FontEntry(fname='/usr/share/fonts/truetype/lato/Lato-Black.ttf', name='Lato', style='normal', variant='normal', weight=900, stretch='normal', size='scalable')) = 10.24
2025-10-11 14:59:20,380-DEBUG-findfont: score(FontEntry(fname='/usr/share/fonts/opentype/urw-base35/NimbusSansNarrow-Bold.otf', name='Nimbus Sans Narrow', style='normal', variant='normal', weight=700, stretch='condensed', size='scalable')) = 10.25
2025-10-11 14:59:20,380-DEBUG-findfont: score(FontEntry(fname='/opt/conda/fonts/SourceCodePro-Light.ttf', name='Source Code Pro', style='normal', variant='normal', weight=300, stretch='normal', size='scalable')) = 10.43
2025-10-11 14:59:20,380-DEBUG-findfont: score(FontEntry(fname='/usr/share/fonts/opentype/urw-base35/NimbusSansNarrow-BoldOblique.otf', name='Nimbus Sans Narrow', style='oblique', variant='normal', weight=700, stretch='condensed', size='scalable')) = 11.25
2025-10-11 14:59:20,380-DEBUG-findfont: score(FontEntry(fname='/usr/share/fonts/truetype/liberation/LiberationSerif-Bold.ttf', name='Liberation Serif', style='normal', variant='normal', weight=700, stretch='normal', size='scalable')) = 10.05
2025-10-11 14:59:20,380-DEBUG-findfont: score(FontEntry(fname='/opt/conda/fonts/Ubuntu-MI.ttf', name='Ubuntu', style='italic', variant='normal', weight=500, stretch='normal', size='scalable')) = 11.24
2025-10-11 14:59:20,380-DEBUG-findfont: score(FontEntry(fname='/opt/conda/fonts/Inconsolata-Bold.ttf', name='Inconsolata', style='normal', variant='normal', weight=700, stretch='normal', size='scalable')) = 10.05
2025-10-11 14:59:20,380-DEBUG-findfont: score(FontEntry(fname='/usr/share/fonts/opentype/urw-base35/NimbusMonoPS-Regular.otf', name='Nimbus Mono PS', style='normal', variant='normal', weight=400, stretch='normal', size='scalable')) = 10.335
2025-10-11 14:59:20,380-DEBUG-findfont: score(FontEntry(fname='/usr/share/fonts/truetype/liberation/LiberationSerif-Regular.ttf', name='Liberation Serif', style='normal', variant='normal', weight=400, stretch='normal', size='scalable')) = 10.335
2025-10-11 14:59:20,380-DEBUG-findfont: score(FontEntry(fname='/usr/share/fonts/opentype/urw-base35/NimbusSans-BoldItalic.otf', name='Nimbus Sans', style='italic', variant='normal', weight=700, stretch='normal', size='scalable')) = 11.05
2025-10-11 14:59:20,380-DEBUG-findfont: score(FontEntry(fname='/usr/share/fonts/opentype/urw-base35/URWGothic-Demi.otf', name='URW Gothic', style='normal', variant='normal', weight=600, stretch='normal', size='scalable')) = 10.145
2025-10-11 14:59:20,380-DEBUG-findfont: score(FontEntry(fname='/usr/share/fonts/opentype/urw-base35/NimbusRoman-Regular.otf', name='Nimbus Roman', style='normal', variant='normal', weight=400, stretch='normal', size='scalable')) = 10.335
2025-10-11 14:59:20,380-DEBUG-findfont: score(FontEntry(fname='/usr/share/fonts/opentype/urw-base35/NimbusMonoPS-BoldItalic.otf', name='Nimbus Mono PS', style='italic', variant='normal', weight=700, stretch='normal', size='scalable')) = 11.05
2025-10-11 14:59:20,380-DEBUG-findfont: score(FontEntry(fname='/usr/share/fonts/truetype/lato/Lato-Medium.ttf', name='Lato', style='normal', variant='normal', weight=500, stretch='normal', size='scalable')) = 10.24
2025-10-11 14:59:20,380-DEBUG-findfont: score(FontEntry(fname='/usr/share/fonts/truetype/lato/Lato-Bold.ttf', name='Lato', style='normal', variant='normal', weight=700, stretch='normal', size='scalable')) = 10.05
2025-10-11 14:59:20,380-DEBUG-findfont: score(FontEntry(fname='/usr/share/fonts/truetype/lato/Lato-HairlineItalic.ttf', name='Lato', style='italic', variant='normal', weight=250, stretch='normal', size='scalable')) = 11.4775
2025-10-11 14:59:20,380-DEBUG-findfont: score(FontEntry(fname='/opt/conda/fonts/SourceCodePro-LightIt.ttf', name='Source Code Pro', style='italic', variant='normal', weight=300, stretch='normal', size='scalable')) = 11.43
2025-10-11 14:59:20,380-DEBUG-findfont: score(FontEntry(fname='/opt/conda/fonts/SourceCodePro-ExtraLightIt.ttf', name='Source Code Pro', style='italic', variant='normal', weight=200, stretch='normal', size='scalable')) = 11.525
2025-10-11 14:59:20,380-DEBUG-findfont: score(FontEntry(fname='/usr/share/fonts/opentype/urw-base35/NimbusSans-Regular.otf', name='Nimbus Sans', style='normal', variant='normal', weight=400, stretch='normal', size='scalable')) = 10.335
2025-10-11 14:59:20,380-DEBUG-findfont: score(FontEntry(fname='/usr/share/fonts/truetype/lato/Lato-HeavyItalic.ttf', name='Lato', style='italic', variant='normal', weight=800, stretch='normal', size='scalable')) = 11.145
2025-10-11 14:59:20,380-DEBUG-findfont: score(FontEntry(fname='/opt/conda/fonts/SourceCodePro-SemiboldIt.ttf', name='Source Code Pro', style='italic', variant='normal', weight=600, stretch='normal', size='scalable')) = 11.145
2025-10-11 14:59:20,380-DEBUG-findfont: score(FontEntry(fname='/usr/share/fonts/opentype/urw-base35/URWBookman-LightItalic.otf', name='URW Bookman', style='italic', variant='normal', weight=300, stretch='normal', size='scalable')) = 11.43
2025-10-11 14:59:20,380-DEBUG-findfont: score(FontEntry(fname='/usr/share/fonts/truetype/liberation/LiberationSans-Bold.ttf', name='Liberation Sans', style='normal', variant='normal', weight=700, stretch='normal', size='scalable')) = 10.05
2025-10-11 14:59:20,380-DEBUG-findfont: score(FontEntry(fname='/opt/conda/fonts/SourceCodePro-Bold.ttf', name='Source Code Pro', style='normal', variant='normal', weight=700, stretch='normal', size='scalable')) = 10.05
2025-10-11 14:59:20,381-DEBUG-findfont: score(FontEntry(fname='/usr/share/fonts/truetype/liberation/LiberationSans-Regular.ttf', name='Liberation Sans', style='normal', variant='normal', weight=400, stretch='normal', size='scalable')) = 10.335
2025-10-11 14:59:20,381-DEBUG-findfont: score(FontEntry(fname='/opt/conda/fonts/SourceCodePro-It.ttf', name='Source Code Pro', style='italic', variant='normal', weight=400, stretch='normal', size='scalable')) = 11.335
2025-10-11 14:59:20,381-DEBUG-findfont: score(FontEntry(fname='/usr/share/fonts/opentype/urw-base35/P052-Bold.otf', name='P052', style='normal', variant='normal', weight=700, stretch='normal', size='scalable')) = 10.05
2025-10-11 14:59:20,381-DEBUG-findfont: score(FontEntry(fname='/opt/conda/fonts/SourceCodePro-Medium.ttf', name='Source Code Pro', style='normal', variant='normal', weight=500, stretch='normal', size='scalable')) = 10.24
2025-10-11 14:59:20,381-DEBUG-findfont: score(FontEntry(fname='/usr/share/fonts/truetype/liberation/LiberationSerif-Italic.ttf', name='Liberation Serif', style='italic', variant='normal', weight=400, stretch='normal', size='scalable')) = 11.335
2025-10-11 14:59:20,381-DEBUG-findfont: score(FontEntry(fname='/usr/share/fonts/opentype/urw-base35/C059-BdIta.otf', name='C059', style='italic', variant='normal', weight=700, stretch='normal', size='scalable')) = 11.05
2025-10-11 14:59:20,381-DEBUG-findfont: score(FontEntry(fname='/usr/share/fonts/truetype/lato/Lato-LightItalic.ttf', name='Lato', style='italic', variant='normal', weight=300, stretch='normal', size='scalable')) = 11.43
2025-10-11 14:59:20,381-DEBUG-findfont: Matching sans\-serif:style=normal:variant=normal:weight=bold:stretch=normal:size=15.0 to DejaVu Sans ('/opt/base-uv/.venv/lib/python3.12/site-packages/matplotlib/mpl-data/fonts/ttf/DejaVuSans-Bold.ttf') with score of 0.050000.
2025-10-11 14:59:20,382-DEBUG-findfont: Matching sans\-serif:style=normal:variant=normal:weight=normal:stretch=normal:size=11.0.
2025-10-11 14:59:20,382-DEBUG-findfont: score(FontEntry(fname='/opt/base-uv/.venv/lib/python3.12/site-packages/matplotlib/mpl-data/fonts/ttf/STIXSizFourSymReg.ttf', name='STIXSizeFourSym', style='normal', variant='normal', weight=400, stretch='normal', size='scalable')) = 10.05
2025-10-11 14:59:20,382-DEBUG-findfont: score(FontEntry(fname='/opt/base-uv/.venv/lib/python3.12/site-packages/matplotlib/mpl-data/fonts/ttf/STIXSizThreeSymBol.ttf', name='STIXSizeThreeSym', style='normal', variant='normal', weight=700, stretch='normal', size='scalable')) = 10.335
2025-10-11 14:59:20,382-DEBUG-findfont: score(FontEntry(fname='/opt/base-uv/.venv/lib/python3.12/site-packages/matplotlib/mpl-data/fonts/ttf/STIXSizOneSymReg.ttf', name='STIXSizeOneSym', style='normal', variant='normal', weight=400, stretch='normal', size='scalable')) = 10.05
2025-10-11 14:59:20,382-DEBUG-findfont: score(FontEntry(fname='/opt/base-uv/.venv/lib/python3.12/site-packages/matplotlib/mpl-data/fonts/ttf/STIXGeneralBolIta.ttf', name='STIXGeneral', style='italic', variant='normal', weight=700, stretch='normal', size='scalable')) = 11.335
2025-10-11 14:59:20,382-DEBUG-findfont: score(FontEntry(fname='/opt/base-uv/.venv/lib/python3.12/site-packages/matplotlib/mpl-data/fonts/ttf/STIXGeneralBol.ttf', name='STIXGeneral', style='normal', variant='normal', weight=700, stretch='normal', size='scalable')) = 10.335
2025-10-11 14:59:20,382-DEBUG-findfont: score(FontEntry(fname='/opt/base-uv/.venv/lib/python3.12/site-packages/matplotlib/mpl-data/fonts/ttf/STIXSizOneSymBol.ttf', name='STIXSizeOneSym', style='normal', variant='normal', weight=700, stretch='normal', size='scalable')) = 10.335
2025-10-11 14:59:20,382-DEBUG-findfont: score(FontEntry(fname='/opt/base-uv/.venv/lib/python3.12/site-packages/matplotlib/mpl-data/fonts/ttf/DejaVuSans.ttf', name='DejaVu Sans', style='normal', variant='normal', weight=400, stretch='normal', size='scalable')) = 0.05
2025-10-11 14:59:20,382-DEBUG-findfont: score(FontEntry(fname='/opt/base-uv/.venv/lib/python3.12/site-packages/matplotlib/mpl-data/fonts/ttf/STIXNonUniBolIta.ttf', name='STIXNonUnicode', style='italic', variant='normal', weight=700, stretch='normal', size='scalable')) = 11.335
2025-10-11 14:59:20,382-DEBUG-findfont: score(FontEntry(fname='/opt/base-uv/.venv/lib/python3.12/site-packages/matplotlib/mpl-data/fonts/ttf/DejaVuSans-Bold.ttf', name='DejaVu Sans', style='normal', variant='normal', weight=700, stretch='normal', size='scalable')) = 0.33499999999999996
2025-10-11 14:59:20,382-DEBUG-findfont: score(FontEntry(fname='/opt/base-uv/.venv/lib/python3.12/site-packages/matplotlib/mpl-data/fonts/ttf/DejaVuSansMono-BoldOblique.ttf', name='DejaVu Sans Mono', style='oblique', variant='normal', weight=700, stretch='normal', size='scalable')) = 11.335
2025-10-11 14:59:20,382-DEBUG-findfont: score(FontEntry(fname='/opt/base-uv/.venv/lib/python3.12/site-packages/matplotlib/mpl-data/fonts/ttf/DejaVuSans-Oblique.ttf', name='DejaVu Sans', style='oblique', variant='normal', weight=400, stretch='normal', size='scalable')) = 1.05
2025-10-11 14:59:20,382-DEBUG-findfont: score(FontEntry(fname='/opt/base-uv/.venv/lib/python3.12/site-packages/matplotlib/mpl-data/fonts/ttf/DejaVuSerif-BoldItalic.ttf', name='DejaVu Serif', style='italic', variant='normal', weight=700, stretch='normal', size='scalable')) = 11.335
2025-10-11 14:59:20,382-DEBUG-findfont: score(FontEntry(fname='/opt/base-uv/.venv/lib/python3.12/site-packages/matplotlib/mpl-data/fonts/ttf/DejaVuSans-BoldOblique.ttf', name='DejaVu Sans', style='oblique', variant='normal', weight=700, stretch='normal', size='scalable')) = 1.335
2025-10-11 14:59:20,382-DEBUG-findfont: score(FontEntry(fname='/opt/base-uv/.venv/lib/python3.12/site-packages/matplotlib/mpl-data/fonts/ttf/DejaVuSansMono-Oblique.ttf', name='DejaVu Sans Mono', style='oblique', variant='normal', weight=400, stretch='normal', size='scalable')) = 11.05
2025-10-11 14:59:20,382-DEBUG-findfont: score(FontEntry(fname='/opt/base-uv/.venv/lib/python3.12/site-packages/matplotlib/mpl-data/fonts/ttf/cmtt10.ttf', name='cmtt10', style='normal', variant='normal', weight=400, stretch='normal', size='scalable')) = 10.05
2025-10-11 14:59:20,382-DEBUG-findfont: score(FontEntry(fname='/opt/base-uv/.venv/lib/python3.12/site-packages/matplotlib/mpl-data/fonts/ttf/cmss10.ttf', name='cmss10', style='normal', variant='normal', weight=400, stretch='normal', size='scalable')) = 10.05
2025-10-11 14:59:20,382-DEBUG-findfont: score(FontEntry(fname='/opt/base-uv/.venv/lib/python3.12/site-packages/matplotlib/mpl-data/fonts/ttf/DejaVuSansMono.ttf', name='DejaVu Sans Mono', style='normal', variant='normal', weight=400, stretch='normal', size='scalable')) = 10.05
2025-10-11 14:59:20,382-DEBUG-findfont: score(FontEntry(fname='/opt/base-uv/.venv/lib/python3.12/site-packages/matplotlib/mpl-data/fonts/ttf/STIXSizTwoSymReg.ttf', name='STIXSizeTwoSym', style='normal', variant='normal', weight=400, stretch='normal', size='scalable')) = 10.05
2025-10-11 14:59:20,382-DEBUG-findfont: score(FontEntry(fname='/opt/base-uv/.venv/lib/python3.12/site-packages/matplotlib/mpl-data/fonts/ttf/STIXGeneral.ttf', name='STIXGeneral', style='normal', variant='normal', weight=400, stretch='normal', size='scalable')) = 10.05
2025-10-11 14:59:20,382-DEBUG-findfont: score(FontEntry(fname='/opt/base-uv/.venv/lib/python3.12/site-packages/matplotlib/mpl-data/fonts/ttf/STIXSizFiveSymReg.ttf', name='STIXSizeFiveSym', style='normal', variant='normal', weight=400, stretch='normal', size='scalable')) = 10.05
2025-10-11 14:59:20,382-DEBUG-findfont: score(FontEntry(fname='/opt/base-uv/.venv/lib/python3.12/site-packages/matplotlib/mpl-data/fonts/ttf/DejaVuSerif-Italic.ttf', name='DejaVu Serif', style='italic', variant='normal', weight=400, stretch='normal', size='scalable')) = 11.05
2025-10-11 14:59:20,382-DEBUG-findfont: score(FontEntry(fname='/opt/base-uv/.venv/lib/python3.12/site-packages/matplotlib/mpl-data/fonts/ttf/DejaVuSansDisplay.ttf', name='DejaVu Sans Display', style='normal', variant='normal', weight=400, stretch='normal', size='scalable')) = 10.05
2025-10-11 14:59:20,382-DEBUG-findfont: score(FontEntry(fname='/opt/base-uv/.venv/lib/python3.12/site-packages/matplotlib/mpl-data/fonts/ttf/cmex10.ttf', name='cmex10', style='normal', variant='normal', weight=400, stretch='normal', size='scalable')) = 10.05
2025-10-11 14:59:20,382-DEBUG-findfont: score(FontEntry(fname='/opt/base-uv/.venv/lib/python3.12/site-packages/matplotlib/mpl-data/fonts/ttf/cmr10.ttf', name='cmr10', style='normal', variant='normal', weight=400, stretch='normal', size='scalable')) = 10.05
2025-10-11 14:59:20,382-DEBUG-findfont: score(FontEntry(fname='/opt/base-uv/.venv/lib/python3.12/site-packages/matplotlib/mpl-data/fonts/ttf/STIXSizTwoSymBol.ttf', name='STIXSizeTwoSym', style='normal', variant='normal', weight=700, stretch='normal', size='scalable')) = 10.335
2025-10-11 14:59:20,383-DEBUG-findfont: score(FontEntry(fname='/opt/base-uv/.venv/lib/python3.12/site-packages/matplotlib/mpl-data/fonts/ttf/STIXSizThreeSymReg.ttf', name='STIXSizeThreeSym', style='normal', variant='normal', weight=400, stretch='normal', size='scalable')) = 10.05
2025-10-11 14:59:20,383-DEBUG-findfont: score(FontEntry(fname='/opt/base-uv/.venv/lib/python3.12/site-packages/matplotlib/mpl-data/fonts/ttf/STIXNonUniIta.ttf', name='STIXNonUnicode', style='italic', variant='normal', weight=400, stretch='normal', size='scalable')) = 11.05
2025-10-11 14:59:20,383-DEBUG-findfont: score(FontEntry(fname='/opt/base-uv/.venv/lib/python3.12/site-packages/matplotlib/mpl-data/fonts/ttf/DejaVuSerif.ttf', name='DejaVu Serif', style='normal', variant='normal', weight=400, stretch='normal', size='scalable')) = 10.05
2025-10-11 14:59:20,383-DEBUG-findfont: score(FontEntry(fname='/opt/base-uv/.venv/lib/python3.12/site-packages/matplotlib/mpl-data/fonts/ttf/STIXSizFourSymBol.ttf', name='STIXSizeFourSym', style='normal', variant='normal', weight=700, stretch='normal', size='scalable')) = 10.335
2025-10-11 14:59:20,383-DEBUG-findfont: score(FontEntry(fname='/opt/base-uv/.venv/lib/python3.12/site-packages/matplotlib/mpl-data/fonts/ttf/DejaVuSansMono-Bold.ttf', name='DejaVu Sans Mono', style='normal', variant='normal', weight=700, stretch='normal', size='scalable')) = 10.335
2025-10-11 14:59:20,383-DEBUG-findfont: score(FontEntry(fname='/opt/base-uv/.venv/lib/python3.12/site-packages/matplotlib/mpl-data/fonts/ttf/DejaVuSerif-Bold.ttf', name='DejaVu Serif', style='normal', variant='normal', weight=700, stretch='normal', size='scalable')) = 10.335
2025-10-11 14:59:20,383-DEBUG-findfont: score(FontEntry(fname='/opt/base-uv/.venv/lib/python3.12/site-packages/matplotlib/mpl-data/fonts/ttf/STIXGeneralItalic.ttf', name='STIXGeneral', style='italic', variant='normal', weight=400, stretch='normal', size='scalable')) = 11.05
2025-10-11 14:59:20,383-DEBUG-findfont: score(FontEntry(fname='/opt/base-uv/.venv/lib/python3.12/site-packages/matplotlib/mpl-data/fonts/ttf/STIXNonUni.ttf', name='STIXNonUnicode', style='normal', variant='normal', weight=400, stretch='normal', size='scalable')) = 10.05
2025-10-11 14:59:20,383-DEBUG-findfont: score(FontEntry(fname='/opt/base-uv/.venv/lib/python3.12/site-packages/matplotlib/mpl-data/fonts/ttf/cmsy10.ttf', name='cmsy10', style='normal', variant='normal', weight=400, stretch='normal', size='scalable')) = 10.05
2025-10-11 14:59:20,383-DEBUG-findfont: score(FontEntry(fname='/opt/base-uv/.venv/lib/python3.12/site-packages/matplotlib/mpl-data/fonts/ttf/STIXNonUniBol.ttf', name='STIXNonUnicode', style='normal', variant='normal', weight=700, stretch='normal', size='scalable')) = 10.335
2025-10-11 14:59:20,383-DEBUG-findfont: score(FontEntry(fname='/opt/base-uv/.venv/lib/python3.12/site-packages/matplotlib/mpl-data/fonts/ttf/cmmi10.ttf', name='cmmi10', style='normal', variant='normal', weight=400, stretch='normal', size='scalable')) = 10.05
2025-10-11 14:59:20,383-DEBUG-findfont: score(FontEntry(fname='/opt/base-uv/.venv/lib/python3.12/site-packages/matplotlib/mpl-data/fonts/ttf/DejaVuSerifDisplay.ttf', name='DejaVu Serif Display', style='normal', variant='normal', weight=400, stretch='normal', size='scalable')) = 10.05
2025-10-11 14:59:20,383-DEBUG-findfont: score(FontEntry(fname='/opt/base-uv/.venv/lib/python3.12/site-packages/matplotlib/mpl-data/fonts/ttf/cmb10.ttf', name='cmb10', style='normal', variant='normal', weight=400, stretch='normal', size='scalable')) = 10.05
2025-10-11 14:59:20,383-DEBUG-findfont: score(FontEntry(fname='/usr/share/fonts/truetype/lato/Lato-Thin.ttf', name='Lato', style='normal', variant='normal', weight=275, stretch='normal', size='scalable')) = 10.16875
2025-10-11 14:59:20,383-DEBUG-findfont: score(FontEntry(fname='/opt/conda/fonts/UbuntuMono-B.ttf', name='Ubuntu Mono', style='normal', variant='normal', weight=700, stretch='normal', size='scalable')) = 10.335
2025-10-11 14:59:20,383-DEBUG-findfont: score(FontEntry(fname='/opt/conda/fonts/Ubuntu-B.ttf', name='Ubuntu', style='normal', variant='normal', weight=700, stretch='normal', size='scalable')) = 10.335
2025-10-11 14:59:20,383-DEBUG-findfont: score(FontEntry(fname='/usr/share/fonts/truetype/lato/Lato-Light.ttf', name='Lato', style='normal', variant='normal', weight=300, stretch='normal', size='scalable')) = 10.145
2025-10-11 14:59:20,383-DEBUG-findfont: score(FontEntry(fname='/usr/share/fonts/opentype/urw-base35/Z003-MediumItalic.otf', name='Z003', style='italic', variant='normal', weight=500, stretch='normal', size='scalable')) = 11.145
2025-10-11 14:59:20,383-DEBUG-findfont: score(FontEntry(fname='/usr/share/fonts/opentype/urw-base35/StandardSymbolsPS.otf', name='Standard Symbols PS', style='normal', variant='normal', weight=400, stretch='normal', size='scalable')) = 10.05
2025-10-11 14:59:20,383-DEBUG-findfont: score(FontEntry(fname='/opt/conda/fonts/DejaVuSans.ttf', name='DejaVu Sans', style='normal', variant='normal', weight=400, stretch='normal', size='scalable')) = 0.05
2025-10-11 14:59:20,383-DEBUG-findfont: score(FontEntry(fname='/opt/conda/fonts/Ubuntu-Th.ttf', name='Ubuntu', style='normal', variant='normal', weight=250, stretch='normal', size='scalable')) = 10.1925
2025-10-11 14:59:20,383-DEBUG-findfont: score(FontEntry(fname='/usr/share/fonts/truetype/lato/Lato-BlackItalic.ttf', name='Lato', style='italic', variant='normal', weight=900, stretch='normal', size='scalable')) = 11.525
2025-10-11 14:59:20,383-DEBUG-findfont: score(FontEntry(fname='/usr/share/fonts/opentype/urw-base35/NimbusMonoPS-Italic.otf', name='Nimbus Mono PS', style='italic', variant='normal', weight=400, stretch='normal', size='scalable')) = 11.05
2025-10-11 14:59:20,383-DEBUG-findfont: score(FontEntry(fname='/usr/share/fonts/opentype/urw-base35/NimbusSansNarrow-Oblique.otf', name='Nimbus Sans Narrow', style='oblique', variant='normal', weight=400, stretch='condensed', size='scalable')) = 11.25
2025-10-11 14:59:20,383-DEBUG-findfont: score(FontEntry(fname='/usr/share/fonts/opentype/urw-base35/P052-Italic.otf', name='P052', style='italic', variant='normal', weight=400, stretch='normal', size='scalable')) = 11.05
2025-10-11 14:59:20,383-DEBUG-findfont: score(FontEntry(fname='/usr/share/fonts/truetype/liberation/LiberationSans-BoldItalic.ttf', name='Liberation Sans', style='italic', variant='normal', weight=700, stretch='normal', size='scalable')) = 11.335
2025-10-11 14:59:20,383-DEBUG-findfont: score(FontEntry(fname='/usr/share/fonts/opentype/urw-base35/NimbusMonoPS-Bold.otf', name='Nimbus Mono PS', style='normal', variant='normal', weight=700, stretch='normal', size='scalable')) = 10.335
2025-10-11 14:59:20,383-DEBUG-findfont: score(FontEntry(fname='/opt/conda/fonts/Ubuntu-R.ttf', name='Ubuntu', style='normal', variant='normal', weight=400, stretch='normal', size='scalable')) = 10.05
2025-10-11 14:59:20,383-DEBUG-findfont: score(FontEntry(fname='/usr/share/fonts/truetype/lato/Lato-Hairline.ttf', name='Lato', style='normal', variant='normal', weight=250, stretch='normal', size='scalable')) = 10.1925
2025-10-11 14:59:20,384-DEBUG-findfont: score(FontEntry(fname='/opt/conda/fonts/Ubuntu-M.ttf', name='Ubuntu', style='normal', variant='normal', weight=500, stretch='normal', size='scalable')) = 10.145
2025-10-11 14:59:20,384-DEBUG-findfont: score(FontEntry(fname='/opt/conda/fonts/SourceCodePro-Black.ttf', name='Source Code Pro', style='normal', variant='normal', weight=900, stretch='normal', size='scalable')) = 10.525
2025-10-11 14:59:20,384-DEBUG-findfont: score(FontEntry(fname='/opt/conda/fonts/Ubuntu-C.ttf', name='Ubuntu Condensed', style='normal', variant='normal', weight=400, stretch='condensed', size='scalable')) = 10.25
2025-10-11 14:59:20,384-DEBUG-findfont: score(FontEntry(fname='/usr/share/fonts/opentype/urw-base35/NimbusRoman-Italic.otf', name='Nimbus Roman', style='italic', variant='normal', weight=400, stretch='normal', size='scalable')) = 11.05
2025-10-11 14:59:20,384-DEBUG-findfont: score(FontEntry(fname='/usr/share/fonts/truetype/lato/Lato-ThinItalic.ttf', name='Lato', style='italic', variant='normal', weight=275, stretch='normal', size='scalable')) = 11.16875
2025-10-11 14:59:20,384-DEBUG-findfont: score(FontEntry(fname='/usr/share/fonts/truetype/lato/Lato-Heavy.ttf', name='Lato', style='normal', variant='normal', weight=800, stretch='normal', size='scalable')) = 10.43
2025-10-11 14:59:20,384-DEBUG-findfont: score(FontEntry(fname='/usr/share/fonts/opentype/urw-base35/NimbusSans-Italic.otf', name='Nimbus Sans', style='italic', variant='normal', weight=400, stretch='normal', size='scalable')) = 11.05
2025-10-11 14:59:20,384-DEBUG-findfont: score(FontEntry(fname='/usr/share/fonts/truetype/liberation/LiberationMono-Regular.ttf', name='Liberation Mono', style='normal', variant='normal', weight=400, stretch='normal', size='scalable')) = 10.05
2025-10-11 14:59:20,384-DEBUG-findfont: score(FontEntry(fname='/usr/share/fonts/opentype/urw-base35/NimbusRoman-Bold.otf', name='Nimbus Roman', style='normal', variant='normal', weight=700, stretch='normal', size='scalable')) = 10.335
2025-10-11 14:59:20,384-DEBUG-findfont: score(FontEntry(fname='/usr/share/fonts/opentype/urw-base35/D050000L.otf', name='D050000L', style='normal', variant='normal', weight=400, stretch='normal', size='scalable')) = 10.05
2025-10-11 14:59:20,384-DEBUG-findfont: score(FontEntry(fname='/usr/share/fonts/truetype/lato/Lato-BoldItalic.ttf', name='Lato', style='italic', variant='normal', weight=700, stretch='normal', size='scalable')) = 11.335
2025-10-11 14:59:20,384-DEBUG-findfont: score(FontEntry(fname='/usr/share/fonts/truetype/lato/Lato-SemiboldItalic.ttf', name='Lato', style='italic', variant='normal', weight=600, stretch='normal', size='scalable')) = 11.24
2025-10-11 14:59:20,384-DEBUG-findfont: score(FontEntry(fname='/opt/conda/fonts/Ubuntu-BI.ttf', name='Ubuntu', style='italic', variant='normal', weight=700, stretch='normal', size='scalable')) = 11.335
2025-10-11 14:59:20,384-DEBUG-findfont: score(FontEntry(fname='/usr/share/fonts/opentype/urw-base35/P052-BoldItalic.otf', name='P052', style='italic', variant='normal', weight=700, stretch='normal', size='scalable')) = 11.335
2025-10-11 14:59:20,384-DEBUG-findfont: score(FontEntry(fname='/usr/share/fonts/opentype/urw-base35/C059-Roman.otf', name='C059', style='normal', variant='normal', weight=400, stretch='normal', size='scalable')) = 10.05
2025-10-11 14:59:20,384-DEBUG-findfont: score(FontEntry(fname='/usr/share/fonts/opentype/urw-base35/URWGothic-BookOblique.otf', name='URW Gothic', style='oblique', variant='normal', weight=400, stretch='normal', size='scalable')) = 11.05
2025-10-11 14:59:20,384-DEBUG-findfont: score(FontEntry(fname='/opt/conda/fonts/SourceCodePro-Semibold.ttf', name='Source Code Pro', style='normal', variant='normal', weight=600, stretch='normal', size='scalable')) = 10.24
2025-10-11 14:59:20,384-DEBUG-findfont: score(FontEntry(fname='/usr/share/fonts/truetype/lato/Lato-Semibold.ttf', name='Lato', style='normal', variant='normal', weight=600, stretch='normal', size='scalable')) = 10.24
2025-10-11 14:59:20,384-DEBUG-findfont: score(FontEntry(fname='/opt/conda/fonts/Ubuntu-LI.ttf', name='Ubuntu', style='italic', variant='normal', weight=300, stretch='normal', size='scalable')) = 11.145
2025-10-11 14:59:20,384-DEBUG-findfont: score(FontEntry(fname='/opt/conda/fonts/Ubuntu-L.ttf', name='Ubuntu', style='normal', variant='normal', weight=300, stretch='normal', size='scalable')) = 10.145
2025-10-11 14:59:20,384-DEBUG-findfont: score(FontEntry(fname='/opt/conda/fonts/SourceCodePro-BlackIt.ttf', name='Source Code Pro', style='italic', variant='normal', weight=900, stretch='normal', size='scalable')) = 11.525
2025-10-11 14:59:20,384-DEBUG-findfont: score(FontEntry(fname='/usr/share/fonts/opentype/urw-base35/URWGothic-Book.otf', name='URW Gothic', style='normal', variant='normal', weight=400, stretch='normal', size='scalable')) = 10.05
2025-10-11 14:59:20,385-DEBUG-findfont: score(FontEntry(fname='/usr/share/fonts/opentype/urw-base35/URWBookman-Light.otf', name='URW Bookman', style='normal', variant='normal', weight=300, stretch='normal', size='scalable')) = 10.145
2025-10-11 14:59:20,385-DEBUG-findfont: score(FontEntry(fname='/usr/share/fonts/opentype/urw-base35/URWBookman-Demi.otf', name='URW Bookman', style='normal', variant='normal', weight=600, stretch='normal', size='scalable')) = 10.24
2025-10-11 14:59:20,385-DEBUG-findfont: score(FontEntry(fname='/opt/conda/fonts/Inconsolata-Regular.ttf', name='Inconsolata', style='normal', variant='normal', weight=400, stretch='normal', size='scalable')) = 10.05
2025-10-11 14:59:20,385-DEBUG-findfont: score(FontEntry(fname='/usr/share/fonts/truetype/liberation/LiberationMono-Italic.ttf', name='Liberation Mono', style='italic', variant='normal', weight=400, stretch='normal', size='scalable')) = 11.05
2025-10-11 14:59:20,385-DEBUG-findfont: score(FontEntry(fname='/usr/share/fonts/opentype/urw-base35/NimbusRoman-BoldItalic.otf', name='Nimbus Roman', style='italic', variant='normal', weight=700, stretch='normal', size='scalable')) = 11.335
2025-10-11 14:59:20,385-DEBUG-findfont: score(FontEntry(fname='/usr/share/fonts/opentype/urw-base35/URWBookman-DemiItalic.otf', name='URW Bookman', style='italic', variant='normal', weight=600, stretch='normal', size='scalable')) = 11.24
2025-10-11 14:59:20,385-DEBUG-findfont: score(FontEntry(fname='/usr/share/fonts/opentype/urw-base35/URWGothic-DemiOblique.otf', name='URW Gothic', style='oblique', variant='normal', weight=600, stretch='normal', size='scalable')) = 11.24
2025-10-11 14:59:20,385-DEBUG-findfont: score(FontEntry(fname='/usr/share/fonts/truetype/lato/Lato-Italic.ttf', name='Lato', style='italic', variant='normal', weight=400, stretch='normal', size='scalable')) = 11.05
2025-10-11 14:59:20,385-DEBUG-findfont: score(FontEntry(fname='/usr/share/fonts/truetype/lato/Lato-MediumItalic.ttf', name='Lato', style='italic', variant='normal', weight=500, stretch='normal', size='scalable')) = 11.145
2025-10-11 14:59:20,385-DEBUG-findfont: score(FontEntry(fname='/opt/conda/fonts/Ubuntu-RI.ttf', name='Ubuntu', style='italic', variant='normal', weight=400, stretch='normal', size='scalable')) = 11.05
2025-10-11 14:59:20,385-DEBUG-findfont: score(FontEntry(fname='/opt/conda/fonts/UbuntuMono-RI.ttf', name='Ubuntu Mono', style='italic', variant='normal', weight=400, stretch='normal', size='scalable')) = 11.05
2025-10-11 14:59:20,385-DEBUG-findfont: score(FontEntry(fname='/usr/share/fonts/opentype/urw-base35/NimbusSansNarrow-Regular.otf', name='Nimbus Sans Narrow', style='normal', variant='normal', weight=400, stretch='condensed', size='scalable')) = 10.25
2025-10-11 14:59:20,385-DEBUG-findfont: score(FontEntry(fname='/usr/share/fonts/truetype/lato/Lato-Regular.ttf', name='Lato', style='normal', variant='normal', weight=400, stretch='normal', size='scalable')) = 10.05
2025-10-11 14:59:20,385-DEBUG-findfont: score(FontEntry(fname='/usr/share/fonts/opentype/urw-base35/P052-Roman.otf', name='P052', style='normal', variant='normal', weight=400, stretch='normal', size='scalable')) = 10.05
2025-10-11 14:59:20,385-DEBUG-findfont: score(FontEntry(fname='/usr/share/fonts/opentype/urw-base35/C059-Italic.otf', name='C059', style='italic', variant='normal', weight=400, stretch='normal', size='scalable')) = 11.05
2025-10-11 14:59:20,385-DEBUG-findfont: score(FontEntry(fname='/usr/share/fonts/opentype/urw-base35/NimbusSans-Bold.otf', name='Nimbus Sans', style='normal', variant='normal', weight=700, stretch='normal', size='scalable')) = 10.335
2025-10-11 14:59:20,385-DEBUG-findfont: score(FontEntry(fname='/usr/share/fonts/opentype/urw-base35/C059-Bold.otf', name='C059', style='normal', variant='normal', weight=700, stretch='normal', size='scalable')) = 10.335
2025-10-11 14:59:20,385-DEBUG-findfont: score(FontEntry(fname='/opt/conda/fonts/SourceCodePro-ExtraLight.ttf', name='Source Code Pro', style='normal', variant='normal', weight=200, stretch='normal', size='scalable')) = 10.24
2025-10-11 14:59:20,385-DEBUG-findfont: score(FontEntry(fname='/opt/conda/fonts/UbuntuMono-BI.ttf', name='Ubuntu Mono', style='italic', variant='normal', weight=700, stretch='normal', size='scalable')) = 11.335
2025-10-11 14:59:20,386-DEBUG-findfont: score(FontEntry(fname='/usr/share/fonts/truetype/liberation/LiberationMono-Bold.ttf', name='Liberation Mono', style='normal', variant='normal', weight=700, stretch='normal', size='scalable')) = 10.335
2025-10-11 14:59:20,386-DEBUG-findfont: score(FontEntry(fname='/opt/conda/fonts/UbuntuMono-R.ttf', name='Ubuntu Mono', style='normal', variant='normal', weight=400, stretch='normal', size='scalable')) = 10.05
2025-10-11 14:59:20,386-DEBUG-findfont: score(FontEntry(fname='/opt/conda/fonts/SourceCodePro-Regular.ttf', name='Source Code Pro', style='normal', variant='normal', weight=400, stretch='normal', size='scalable')) = 10.05
2025-10-11 14:59:20,386-DEBUG-findfont: score(FontEntry(fname='/opt/conda/fonts/SourceCodePro-BoldIt.ttf', name='Source Code Pro', style='italic', variant='normal', weight=700, stretch='normal', size='scalable')) = 11.335
2025-10-11 14:59:20,386-DEBUG-findfont: score(FontEntry(fname='/opt/conda/fonts/SourceCodePro-MediumIt.ttf', name='Source Code Pro', style='italic', variant='normal', weight=500, stretch='normal', size='scalable')) = 11.145
2025-10-11 14:59:20,386-DEBUG-findfont: score(FontEntry(fname='/usr/share/fonts/truetype/liberation/LiberationSans-Italic.ttf', name='Liberation Sans', style='italic', variant='normal', weight=400, stretch='normal', size='scalable')) = 11.05
2025-10-11 14:59:20,386-DEBUG-findfont: score(FontEntry(fname='/usr/share/fonts/truetype/liberation/LiberationSerif-BoldItalic.ttf', name='Liberation Serif', style='italic', variant='normal', weight=700, stretch='normal', size='scalable')) = 11.335
2025-10-11 14:59:20,386-DEBUG-findfont: score(FontEntry(fname='/usr/share/fonts/truetype/liberation/LiberationMono-BoldItalic.ttf', name='Liberation Mono', style='italic', variant='normal', weight=700, stretch='normal', size='scalable')) = 11.335
2025-10-11 14:59:20,386-DEBUG-findfont: score(FontEntry(fname='/usr/share/fonts/truetype/lato/Lato-Black.ttf', name='Lato', style='normal', variant='normal', weight=900, stretch='normal', size='scalable')) = 10.525
2025-10-11 14:59:20,386-DEBUG-findfont: score(FontEntry(fname='/usr/share/fonts/opentype/urw-base35/NimbusSansNarrow-Bold.otf', name='Nimbus Sans Narrow', style='normal', variant='normal', weight=700, stretch='condensed', size='scalable')) = 10.535
2025-10-11 14:59:20,386-DEBUG-findfont: score(FontEntry(fname='/opt/conda/fonts/SourceCodePro-Light.ttf', name='Source Code Pro', style='normal', variant='normal', weight=300, stretch='normal', size='scalable')) = 10.145
2025-10-11 14:59:20,386-DEBUG-findfont: score(FontEntry(fname='/usr/share/fonts/opentype/urw-base35/NimbusSansNarrow-BoldOblique.otf', name='Nimbus Sans Narrow', style='oblique', variant='normal', weight=700, stretch='condensed', size='scalable')) = 11.535
2025-10-11 14:59:20,386-DEBUG-findfont: score(FontEntry(fname='/usr/share/fonts/truetype/liberation/LiberationSerif-Bold.ttf', name='Liberation Serif', style='normal', variant='normal', weight=700, stretch='normal', size='scalable')) = 10.335
2025-10-11 14:59:20,386-DEBUG-findfont: score(FontEntry(fname='/opt/conda/fonts/Ubuntu-MI.ttf', name='Ubuntu', style='italic', variant='normal', weight=500, stretch='normal', size='scalable')) = 11.145
2025-10-11 14:59:20,386-DEBUG-findfont: score(FontEntry(fname='/opt/conda/fonts/Inconsolata-Bold.ttf', name='Inconsolata', style='normal', variant='normal', weight=700, stretch='normal', size='scalable')) = 10.335
2025-10-11 14:59:20,387-DEBUG-findfont: score(FontEntry(fname='/usr/share/fonts/opentype/urw-base35/NimbusMonoPS-Regular.otf', name='Nimbus Mono PS', style='normal', variant='normal', weight=400, stretch='normal', size='scalable')) = 10.05
2025-10-11 14:59:20,387-DEBUG-findfont: score(FontEntry(fname='/usr/share/fonts/truetype/liberation/LiberationSerif-Regular.ttf', name='Liberation Serif', style='normal', variant='normal', weight=400, stretch='normal', size='scalable')) = 10.05
2025-10-11 14:59:20,387-DEBUG-findfont: score(FontEntry(fname='/usr/share/fonts/opentype/urw-base35/NimbusSans-BoldItalic.otf', name='Nimbus Sans', style='italic', variant='normal', weight=700, stretch='normal', size='scalable')) = 11.335
2025-10-11 14:59:20,387-DEBUG-findfont: score(FontEntry(fname='/usr/share/fonts/opentype/urw-base35/URWGothic-Demi.otf', name='URW Gothic', style='normal', variant='normal', weight=600, stretch='normal', size='scalable')) = 10.24
2025-10-11 14:59:20,387-DEBUG-findfont: score(FontEntry(fname='/usr/share/fonts/opentype/urw-base35/NimbusRoman-Regular.otf', name='Nimbus Roman', style='normal', variant='normal', weight=400, stretch='normal', size='scalable')) = 10.05
2025-10-11 14:59:20,387-DEBUG-findfont: score(FontEntry(fname='/usr/share/fonts/opentype/urw-base35/NimbusMonoPS-BoldItalic.otf', name='Nimbus Mono PS', style='italic', variant='normal', weight=700, stretch='normal', size='scalable')) = 11.335
2025-10-11 14:59:20,387-DEBUG-findfont: score(FontEntry(fname='/usr/share/fonts/truetype/lato/Lato-Medium.ttf', name='Lato', style='normal', variant='normal', weight=500, stretch='normal', size='scalable')) = 10.145
2025-10-11 14:59:20,387-DEBUG-findfont: score(FontEntry(fname='/usr/share/fonts/truetype/lato/Lato-Bold.ttf', name='Lato', style='normal', variant='normal', weight=700, stretch='normal', size='scalable')) = 10.335
2025-10-11 14:59:20,387-DEBUG-findfont: score(FontEntry(fname='/usr/share/fonts/truetype/lato/Lato-HairlineItalic.ttf', name='Lato', style='italic', variant='normal', weight=250, stretch='normal', size='scalable')) = 11.1925
2025-10-11 14:59:20,387-DEBUG-findfont: score(FontEntry(fname='/opt/conda/fonts/SourceCodePro-LightIt.ttf', name='Source Code Pro', style='italic', variant='normal', weight=300, stretch='normal', size='scalable')) = 11.145
2025-10-11 14:59:20,387-DEBUG-findfont: score(FontEntry(fname='/opt/conda/fonts/SourceCodePro-ExtraLightIt.ttf', name='Source Code Pro', style='italic', variant='normal', weight=200, stretch='normal', size='scalable')) = 11.24
2025-10-11 14:59:20,387-DEBUG-findfont: score(FontEntry(fname='/usr/share/fonts/opentype/urw-base35/NimbusSans-Regular.otf', name='Nimbus Sans', style='normal', variant='normal', weight=400, stretch='normal', size='scalable')) = 10.05
2025-10-11 14:59:20,387-DEBUG-findfont: score(FontEntry(fname='/usr/share/fonts/truetype/lato/Lato-HeavyItalic.ttf', name='Lato', style='italic', variant='normal', weight=800, stretch='normal', size='scalable')) = 11.43
2025-10-11 14:59:20,387-DEBUG-findfont: score(FontEntry(fname='/opt/conda/fonts/SourceCodePro-SemiboldIt.ttf', name='Source Code Pro', style='italic', variant='normal', weight=600, stretch='normal', size='scalable')) = 11.24
2025-10-11 14:59:20,387-DEBUG-findfont: score(FontEntry(fname='/usr/share/fonts/opentype/urw-base35/URWBookman-LightItalic.otf', name='URW Bookman', style='italic', variant='normal', weight=300, stretch='normal', size='scalable')) = 11.145
2025-10-11 14:59:20,387-DEBUG-findfont: score(FontEntry(fname='/usr/share/fonts/truetype/liberation/LiberationSans-Bold.ttf', name='Liberation Sans', style='normal', variant='normal', weight=700, stretch='normal', size='scalable')) = 10.335
2025-10-11 14:59:20,387-DEBUG-findfont: score(FontEntry(fname='/opt/conda/fonts/SourceCodePro-Bold.ttf', name='Source Code Pro', style='normal', variant='normal', weight=700, stretch='normal', size='scalable')) = 10.335
2025-10-11 14:59:20,387-DEBUG-findfont: score(FontEntry(fname='/usr/share/fonts/truetype/liberation/LiberationSans-Regular.ttf', name='Liberation Sans', style='normal', variant='normal', weight=400, stretch='normal', size='scalable')) = 10.05
2025-10-11 14:59:20,388-DEBUG-findfont: score(FontEntry(fname='/opt/conda/fonts/SourceCodePro-It.ttf', name='Source Code Pro', style='italic', variant='normal', weight=400, stretch='normal', size='scalable')) = 11.05
2025-10-11 14:59:20,388-DEBUG-findfont: score(FontEntry(fname='/usr/share/fonts/opentype/urw-base35/P052-Bold.otf', name='P052', style='normal', variant='normal', weight=700, stretch='normal', size='scalable')) = 10.335
2025-10-11 14:59:20,388-DEBUG-findfont: score(FontEntry(fname='/opt/conda/fonts/SourceCodePro-Medium.ttf', name='Source Code Pro', style='normal', variant='normal', weight=500, stretch='normal', size='scalable')) = 10.145
2025-10-11 14:59:20,388-DEBUG-findfont: score(FontEntry(fname='/usr/share/fonts/truetype/liberation/LiberationSerif-Italic.ttf', name='Liberation Serif', style='italic', variant='normal', weight=400, stretch='normal', size='scalable')) = 11.05
2025-10-11 14:59:20,388-DEBUG-findfont: score(FontEntry(fname='/usr/share/fonts/opentype/urw-base35/C059-BdIta.otf', name='C059', style='italic', variant='normal', weight=700, stretch='normal', size='scalable')) = 11.335
2025-10-11 14:59:20,388-DEBUG-findfont: score(FontEntry(fname='/usr/share/fonts/truetype/lato/Lato-LightItalic.ttf', name='Lato', style='italic', variant='normal', weight=300, stretch='normal', size='scalable')) = 11.145
2025-10-11 14:59:20,388-DEBUG-findfont: Matching sans\-serif:style=normal:variant=normal:weight=normal:stretch=normal:size=11.0 to DejaVu Sans ('/opt/base-uv/.venv/lib/python3.12/site-packages/matplotlib/mpl-data/fonts/ttf/DejaVuSans.ttf') with score of 0.050000.
2025-10-11 15:06:13,435-DEBUG-findfont: Matching sans\-serif:style=normal:variant=normal:weight=bold:stretch=normal:size=10.0.
2025-10-11 15:06:13,436-DEBUG-findfont: score(FontEntry(fname='/opt/base-uv/.venv/lib/python3.12/site-packages/matplotlib/mpl-data/fonts/ttf/STIXSizFourSymReg.ttf', name='STIXSizeFourSym', style='normal', variant='normal', weight=400, stretch='normal', size='scalable')) = 10.335
2025-10-11 15:06:13,436-DEBUG-findfont: score(FontEntry(fname='/opt/base-uv/.venv/lib/python3.12/site-packages/matplotlib/mpl-data/fonts/ttf/STIXSizThreeSymBol.ttf', name='STIXSizeThreeSym', style='normal', variant='normal', weight=700, stretch='normal', size='scalable')) = 10.05
2025-10-11 15:06:13,437-DEBUG-findfont: score(FontEntry(fname='/opt/base-uv/.venv/lib/python3.12/site-packages/matplotlib/mpl-data/fonts/ttf/STIXSizOneSymReg.ttf', name='STIXSizeOneSym', style='normal', variant='normal', weight=400, stretch='normal', size='scalable')) = 10.335
2025-10-11 15:06:13,437-DEBUG-findfont: score(FontEntry(fname='/opt/base-uv/.venv/lib/python3.12/site-packages/matplotlib/mpl-data/fonts/ttf/STIXGeneralBolIta.ttf', name='STIXGeneral', style='italic', variant='normal', weight=700, stretch='normal', size='scalable')) = 11.05
2025-10-11 15:06:13,437-DEBUG-findfont: score(FontEntry(fname='/opt/base-uv/.venv/lib/python3.12/site-packages/matplotlib/mpl-data/fonts/ttf/STIXGeneralBol.ttf', name='STIXGeneral', style='normal', variant='normal', weight=700, stretch='normal', size='scalable')) = 10.05
2025-10-11 15:06:13,437-DEBUG-findfont: score(FontEntry(fname='/opt/base-uv/.venv/lib/python3.12/site-packages/matplotlib/mpl-data/fonts/ttf/STIXSizOneSymBol.ttf', name='STIXSizeOneSym', style='normal', variant='normal', weight=700, stretch='normal', size='scalable')) = 10.05
2025-10-11 15:06:13,437-DEBUG-findfont: score(FontEntry(fname='/opt/base-uv/.venv/lib/python3.12/site-packages/matplotlib/mpl-data/fonts/ttf/DejaVuSans.ttf', name='DejaVu Sans', style='normal', variant='normal', weight=400, stretch='normal', size='scalable')) = 0.33499999999999996
2025-10-11 15:06:13,437-DEBUG-findfont: score(FontEntry(fname='/opt/base-uv/.venv/lib/python3.12/site-packages/matplotlib/mpl-data/fonts/ttf/STIXNonUniBolIta.ttf', name='STIXNonUnicode', style='italic', variant='normal', weight=700, stretch='normal', size='scalable')) = 11.05
2025-10-11 15:06:13,438-DEBUG-findfont: score(FontEntry(fname='/opt/base-uv/.venv/lib/python3.12/site-packages/matplotlib/mpl-data/fonts/ttf/DejaVuSans-Bold.ttf', name='DejaVu Sans', style='normal', variant='normal', weight=700, stretch='normal', size='scalable')) = 0.05
2025-10-11 15:06:13,438-DEBUG-findfont: score(FontEntry(fname='/opt/base-uv/.venv/lib/python3.12/site-packages/matplotlib/mpl-data/fonts/ttf/DejaVuSansMono-BoldOblique.ttf', name='DejaVu Sans Mono', style='oblique', variant='normal', weight=700, stretch='normal', size='scalable')) = 11.05
2025-10-11 15:06:13,438-DEBUG-findfont: score(FontEntry(fname='/opt/base-uv/.venv/lib/python3.12/site-packages/matplotlib/mpl-data/fonts/ttf/DejaVuSans-Oblique.ttf', name='DejaVu Sans', style='oblique', variant='normal', weight=400, stretch='normal', size='scalable')) = 1.335
2025-10-11 15:06:13,438-DEBUG-findfont: score(FontEntry(fname='/opt/base-uv/.venv/lib/python3.12/site-packages/matplotlib/mpl-data/fonts/ttf/DejaVuSerif-BoldItalic.ttf', name='DejaVu Serif', style='italic', variant='normal', weight=700, stretch='normal', size='scalable')) = 11.05
2025-10-11 15:06:13,438-DEBUG-findfont: score(FontEntry(fname='/opt/base-uv/.venv/lib/python3.12/site-packages/matplotlib/mpl-data/fonts/ttf/DejaVuSans-BoldOblique.ttf', name='DejaVu Sans', style='oblique', variant='normal', weight=700, stretch='normal', size='scalable')) = 1.05
2025-10-11 15:06:13,439-DEBUG-findfont: score(FontEntry(fname='/opt/base-uv/.venv/lib/python3.12/site-packages/matplotlib/mpl-data/fonts/ttf/DejaVuSansMono-Oblique.ttf', name='DejaVu Sans Mono', style='oblique', variant='normal', weight=400, stretch='normal', size='scalable')) = 11.335
2025-10-11 15:06:13,439-DEBUG-findfont: score(FontEntry(fname='/opt/base-uv/.venv/lib/python3.12/site-packages/matplotlib/mpl-data/fonts/ttf/cmtt10.ttf', name='cmtt10', style='normal', variant='normal', weight=400, stretch='normal', size='scalable')) = 10.335
2025-10-11 15:06:13,439-DEBUG-findfont: score(FontEntry(fname='/opt/base-uv/.venv/lib/python3.12/site-packages/matplotlib/mpl-data/fonts/ttf/cmss10.ttf', name='cmss10', style='normal', variant='normal', weight=400, stretch='normal', size='scalable')) = 10.335
2025-10-11 15:06:13,439-DEBUG-findfont: score(FontEntry(fname='/opt/base-uv/.venv/lib/python3.12/site-packages/matplotlib/mpl-data/fonts/ttf/DejaVuSansMono.ttf', name='DejaVu Sans Mono', style='normal', variant='normal', weight=400, stretch='normal', size='scalable')) = 10.335
2025-10-11 15:06:13,439-DEBUG-findfont: score(FontEntry(fname='/opt/base-uv/.venv/lib/python3.12/site-packages/matplotlib/mpl-data/fonts/ttf/STIXSizTwoSymReg.ttf', name='STIXSizeTwoSym', style='normal', variant='normal', weight=400, stretch='normal', size='scalable')) = 10.335
2025-10-11 15:06:13,439-DEBUG-findfont: score(FontEntry(fname='/opt/base-uv/.venv/lib/python3.12/site-packages/matplotlib/mpl-data/fonts/ttf/STIXGeneral.ttf', name='STIXGeneral', style='normal', variant='normal', weight=400, stretch='normal', size='scalable')) = 10.335
2025-10-11 15:06:13,439-DEBUG-findfont: score(FontEntry(fname='/opt/base-uv/.venv/lib/python3.12/site-packages/matplotlib/mpl-data/fonts/ttf/STIXSizFiveSymReg.ttf', name='STIXSizeFiveSym', style='normal', variant='normal', weight=400, stretch='normal', size='scalable')) = 10.335
2025-10-11 15:06:13,439-DEBUG-findfont: score(FontEntry(fname='/opt/base-uv/.venv/lib/python3.12/site-packages/matplotlib/mpl-data/fonts/ttf/DejaVuSerif-Italic.ttf', name='DejaVu Serif', style='italic', variant='normal', weight=400, stretch='normal', size='scalable')) = 11.335
2025-10-11 15:06:13,439-DEBUG-findfont: score(FontEntry(fname='/opt/base-uv/.venv/lib/python3.12/site-packages/matplotlib/mpl-data/fonts/ttf/DejaVuSansDisplay.ttf', name='DejaVu Sans Display', style='normal', variant='normal', weight=400, stretch='normal', size='scalable')) = 10.335
2025-10-11 15:06:13,439-DEBUG-findfont: score(FontEntry(fname='/opt/base-uv/.venv/lib/python3.12/site-packages/matplotlib/mpl-data/fonts/ttf/cmex10.ttf', name='cmex10', style='normal', variant='normal', weight=400, stretch='normal', size='scalable')) = 10.335
2025-10-11 15:06:13,439-DEBUG-findfont: score(FontEntry(fname='/opt/base-uv/.venv/lib/python3.12/site-packages/matplotlib/mpl-data/fonts/ttf/cmr10.ttf', name='cmr10', style='normal', variant='normal', weight=400, stretch='normal', size='scalable')) = 10.335
2025-10-11 15:06:13,439-DEBUG-findfont: score(FontEntry(fname='/opt/base-uv/.venv/lib/python3.12/site-packages/matplotlib/mpl-data/fonts/ttf/STIXSizTwoSymBol.ttf', name='STIXSizeTwoSym', style='normal', variant='normal', weight=700, stretch='normal', size='scalable')) = 10.05
2025-10-11 15:06:13,439-DEBUG-findfont: score(FontEntry(fname='/opt/base-uv/.venv/lib/python3.12/site-packages/matplotlib/mpl-data/fonts/ttf/STIXSizThreeSymReg.ttf', name='STIXSizeThreeSym', style='normal', variant='normal', weight=400, stretch='normal', size='scalable')) = 10.335
2025-10-11 15:06:13,439-DEBUG-findfont: score(FontEntry(fname='/opt/base-uv/.venv/lib/python3.12/site-packages/matplotlib/mpl-data/fonts/ttf/STIXNonUniIta.ttf', name='STIXNonUnicode', style='italic', variant='normal', weight=400, stretch='normal', size='scalable')) = 11.335
2025-10-11 15:06:13,440-DEBUG-findfont: score(FontEntry(fname='/opt/base-uv/.venv/lib/python3.12/site-packages/matplotlib/mpl-data/fonts/ttf/DejaVuSerif.ttf', name='DejaVu Serif', style='normal', variant='normal', weight=400, stretch='normal', size='scalable')) = 10.335
2025-10-11 15:06:13,440-DEBUG-findfont: score(FontEntry(fname='/opt/base-uv/.venv/lib/python3.12/site-packages/matplotlib/mpl-data/fonts/ttf/STIXSizFourSymBol.ttf', name='STIXSizeFourSym', style='normal', variant='normal', weight=700, stretch='normal', size='scalable')) = 10.05
2025-10-11 15:06:13,440-DEBUG-findfont: score(FontEntry(fname='/opt/base-uv/.venv/lib/python3.12/site-packages/matplotlib/mpl-data/fonts/ttf/DejaVuSansMono-Bold.ttf', name='DejaVu Sans Mono', style='normal', variant='normal', weight=700, stretch='normal', size='scalable')) = 10.05
2025-10-11 15:06:13,440-DEBUG-findfont: score(FontEntry(fname='/opt/base-uv/.venv/lib/python3.12/site-packages/matplotlib/mpl-data/fonts/ttf/DejaVuSerif-Bold.ttf', name='DejaVu Serif', style='normal', variant='normal', weight=700, stretch='normal', size='scalable')) = 10.05
2025-10-11 15:06:13,443-DEBUG-findfont: score(FontEntry(fname='/opt/base-uv/.venv/lib/python3.12/site-packages/matplotlib/mpl-data/fonts/ttf/STIXGeneralItalic.ttf', name='STIXGeneral', style='italic', variant='normal', weight=400, stretch='normal', size='scalable')) = 11.335
2025-10-11 15:06:13,443-DEBUG-findfont: score(FontEntry(fname='/opt/base-uv/.venv/lib/python3.12/site-packages/matplotlib/mpl-data/fonts/ttf/STIXNonUni.ttf', name='STIXNonUnicode', style='normal', variant='normal', weight=400, stretch='normal', size='scalable')) = 10.335
2025-10-11 15:06:13,443-DEBUG-findfont: score(FontEntry(fname='/opt/base-uv/.venv/lib/python3.12/site-packages/matplotlib/mpl-data/fonts/ttf/cmsy10.ttf', name='cmsy10', style='normal', variant='normal', weight=400, stretch='normal', size='scalable')) = 10.335
2025-10-11 15:06:13,444-DEBUG-findfont: score(FontEntry(fname='/opt/base-uv/.venv/lib/python3.12/site-packages/matplotlib/mpl-data/fonts/ttf/STIXNonUniBol.ttf', name='STIXNonUnicode', style='normal', variant='normal', weight=700, stretch='normal', size='scalable')) = 10.05
2025-10-11 15:06:13,444-DEBUG-findfont: score(FontEntry(fname='/opt/base-uv/.venv/lib/python3.12/site-packages/matplotlib/mpl-data/fonts/ttf/cmmi10.ttf', name='cmmi10', style='normal', variant='normal', weight=400, stretch='normal', size='scalable')) = 10.335
2025-10-11 15:06:13,444-DEBUG-findfont: score(FontEntry(fname='/opt/base-uv/.venv/lib/python3.12/site-packages/matplotlib/mpl-data/fonts/ttf/DejaVuSerifDisplay.ttf', name='DejaVu Serif Display', style='normal', variant='normal', weight=400, stretch='normal', size='scalable')) = 10.335
2025-10-11 15:06:13,444-DEBUG-findfont: score(FontEntry(fname='/opt/base-uv/.venv/lib/python3.12/site-packages/matplotlib/mpl-data/fonts/ttf/cmb10.ttf', name='cmb10', style='normal', variant='normal', weight=400, stretch='normal', size='scalable')) = 10.335
2025-10-11 15:06:13,444-DEBUG-findfont: score(FontEntry(fname='/usr/share/fonts/truetype/lato/Lato-Thin.ttf', name='Lato', style='normal', variant='normal', weight=275, stretch='normal', size='scalable')) = 10.45375
2025-10-11 15:06:13,444-DEBUG-findfont: score(FontEntry(fname='/opt/conda/fonts/UbuntuMono-B.ttf', name='Ubuntu Mono', style='normal', variant='normal', weight=700, stretch='normal', size='scalable')) = 10.05
2025-10-11 15:06:13,445-DEBUG-findfont: score(FontEntry(fname='/opt/conda/fonts/Ubuntu-B.ttf', name='Ubuntu', style='normal', variant='normal', weight=700, stretch='normal', size='scalable')) = 10.05
2025-10-11 15:06:13,445-DEBUG-findfont: score(FontEntry(fname='/usr/share/fonts/truetype/lato/Lato-Light.ttf', name='Lato', style='normal', variant='normal', weight=300, stretch='normal', size='scalable')) = 10.43
2025-10-11 15:06:13,445-DEBUG-findfont: score(FontEntry(fname='/usr/share/fonts/opentype/urw-base35/Z003-MediumItalic.otf', name='Z003', style='italic', variant='normal', weight=500, stretch='normal', size='scalable')) = 11.24
2025-10-11 15:06:13,445-DEBUG-findfont: score(FontEntry(fname='/usr/share/fonts/opentype/urw-base35/StandardSymbolsPS.otf', name='Standard Symbols PS', style='normal', variant='normal', weight=400, stretch='normal', size='scalable')) = 10.335
2025-10-11 15:06:13,445-DEBUG-findfont: score(FontEntry(fname='/opt/conda/fonts/DejaVuSans.ttf', name='DejaVu Sans', style='normal', variant='normal', weight=400, stretch='normal', size='scalable')) = 0.33499999999999996
2025-10-11 15:06:13,445-DEBUG-findfont: score(FontEntry(fname='/opt/conda/fonts/Ubuntu-Th.ttf', name='Ubuntu', style='normal', variant='normal', weight=250, stretch='normal', size='scalable')) = 10.4775
2025-10-11 15:06:13,445-DEBUG-findfont: score(FontEntry(fname='/usr/share/fonts/truetype/lato/Lato-BlackItalic.ttf', name='Lato', style='italic', variant='normal', weight=900, stretch='normal', size='scalable')) = 11.24
2025-10-11 15:06:13,446-DEBUG-findfont: score(FontEntry(fname='/usr/share/fonts/opentype/urw-base35/NimbusMonoPS-Italic.otf', name='Nimbus Mono PS', style='italic', variant='normal', weight=400, stretch='normal', size='scalable')) = 11.335
2025-10-11 15:06:13,446-DEBUG-findfont: score(FontEntry(fname='/usr/share/fonts/opentype/urw-base35/NimbusSansNarrow-Oblique.otf', name='Nimbus Sans Narrow', style='oblique', variant='normal', weight=400, stretch='condensed', size='scalable')) = 11.535
2025-10-11 15:06:13,446-DEBUG-findfont: score(FontEntry(fname='/usr/share/fonts/opentype/urw-base35/P052-Italic.otf', name='P052', style='italic', variant='normal', weight=400, stretch='normal', size='scalable')) = 11.335
2025-10-11 15:06:13,447-DEBUG-findfont: score(FontEntry(fname='/usr/share/fonts/truetype/liberation/LiberationSans-BoldItalic.ttf', name='Liberation Sans', style='italic', variant='normal', weight=700, stretch='normal', size='scalable')) = 11.05
2025-10-11 15:06:13,448-DEBUG-findfont: score(FontEntry(fname='/usr/share/fonts/opentype/urw-base35/NimbusMonoPS-Bold.otf', name='Nimbus Mono PS', style='normal', variant='normal', weight=700, stretch='normal', size='scalable')) = 10.05
2025-10-11 15:06:13,450-DEBUG-findfont: score(FontEntry(fname='/opt/conda/fonts/Ubuntu-R.ttf', name='Ubuntu', style='normal', variant='normal', weight=400, stretch='normal', size='scalable')) = 10.335
2025-10-11 15:06:13,450-DEBUG-findfont: score(FontEntry(fname='/usr/share/fonts/truetype/lato/Lato-Hairline.ttf', name='Lato', style='normal', variant='normal', weight=250, stretch='normal', size='scalable')) = 10.4775
2025-10-11 15:06:13,450-DEBUG-findfont: score(FontEntry(fname='/opt/conda/fonts/Ubuntu-M.ttf', name='Ubuntu', style='normal', variant='normal', weight=500, stretch='normal', size='scalable')) = 10.24
2025-10-11 15:06:13,450-DEBUG-findfont: score(FontEntry(fname='/opt/conda/fonts/SourceCodePro-Black.ttf', name='Source Code Pro', style='normal', variant='normal', weight=900, stretch='normal', size='scalable')) = 10.24
2025-10-11 15:06:13,450-DEBUG-findfont: score(FontEntry(fname='/opt/conda/fonts/Ubuntu-C.ttf', name='Ubuntu Condensed', style='normal', variant='normal', weight=400, stretch='condensed', size='scalable')) = 10.535
2025-10-11 15:06:13,450-DEBUG-findfont: score(FontEntry(fname='/usr/share/fonts/opentype/urw-base35/NimbusRoman-Italic.otf', name='Nimbus Roman', style='italic', variant='normal', weight=400, stretch='normal', size='scalable')) = 11.335
2025-10-11 15:06:13,451-DEBUG-findfont: score(FontEntry(fname='/usr/share/fonts/truetype/lato/Lato-ThinItalic.ttf', name='Lato', style='italic', variant='normal', weight=275, stretch='normal', size='scalable')) = 11.45375
2025-10-11 15:06:13,451-DEBUG-findfont: score(FontEntry(fname='/usr/share/fonts/truetype/lato/Lato-Heavy.ttf', name='Lato', style='normal', variant='normal', weight=800, stretch='normal', size='scalable')) = 10.145
2025-10-11 15:06:13,451-DEBUG-findfont: score(FontEntry(fname='/usr/share/fonts/opentype/urw-base35/NimbusSans-Italic.otf', name='Nimbus Sans', style='italic', variant='normal', weight=400, stretch='normal', size='scalable')) = 11.335
2025-10-11 15:06:13,451-DEBUG-findfont: score(FontEntry(fname='/usr/share/fonts/truetype/liberation/LiberationMono-Regular.ttf', name='Liberation Mono', style='normal', variant='normal', weight=400, stretch='normal', size='scalable')) = 10.335
2025-10-11 15:06:13,451-DEBUG-findfont: score(FontEntry(fname='/usr/share/fonts/opentype/urw-base35/NimbusRoman-Bold.otf', name='Nimbus Roman', style='normal', variant='normal', weight=700, stretch='normal', size='scalable')) = 10.05
2025-10-11 15:06:13,451-DEBUG-findfont: score(FontEntry(fname='/usr/share/fonts/opentype/urw-base35/D050000L.otf', name='D050000L', style='normal', variant='normal', weight=400, stretch='normal', size='scalable')) = 10.335
2025-10-11 15:06:13,451-DEBUG-findfont: score(FontEntry(fname='/usr/share/fonts/truetype/lato/Lato-BoldItalic.ttf', name='Lato', style='italic', variant='normal', weight=700, stretch='normal', size='scalable')) = 11.05
2025-10-11 15:06:13,451-DEBUG-findfont: score(FontEntry(fname='/usr/share/fonts/truetype/lato/Lato-SemiboldItalic.ttf', name='Lato', style='italic', variant='normal', weight=600, stretch='normal', size='scalable')) = 11.145
2025-10-11 15:06:13,451-DEBUG-findfont: score(FontEntry(fname='/opt/conda/fonts/Ubuntu-BI.ttf', name='Ubuntu', style='italic', variant='normal', weight=700, stretch='normal', size='scalable')) = 11.05
2025-10-11 15:06:13,451-DEBUG-findfont: score(FontEntry(fname='/usr/share/fonts/opentype/urw-base35/P052-BoldItalic.otf', name='P052', style='italic', variant='normal', weight=700, stretch='normal', size='scalable')) = 11.05
2025-10-11 15:06:13,451-DEBUG-findfont: score(FontEntry(fname='/usr/share/fonts/opentype/urw-base35/C059-Roman.otf', name='C059', style='normal', variant='normal', weight=400, stretch='normal', size='scalable')) = 10.335
2025-10-11 15:06:13,451-DEBUG-findfont: score(FontEntry(fname='/usr/share/fonts/opentype/urw-base35/URWGothic-BookOblique.otf', name='URW Gothic', style='oblique', variant='normal', weight=400, stretch='normal', size='scalable')) = 11.335
2025-10-11 15:06:13,451-DEBUG-findfont: score(FontEntry(fname='/opt/conda/fonts/SourceCodePro-Semibold.ttf', name='Source Code Pro', style='normal', variant='normal', weight=600, stretch='normal', size='scalable')) = 10.145
2025-10-11 15:06:13,451-DEBUG-findfont: score(FontEntry(fname='/usr/share/fonts/truetype/lato/Lato-Semibold.ttf', name='Lato', style='normal', variant='normal', weight=600, stretch='normal', size='scalable')) = 10.145
2025-10-11 15:06:13,451-DEBUG-findfont: score(FontEntry(fname='/opt/conda/fonts/Ubuntu-LI.ttf', name='Ubuntu', style='italic', variant='normal', weight=300, stretch='normal', size='scalable')) = 11.43
2025-10-11 15:06:13,451-DEBUG-findfont: score(FontEntry(fname='/opt/conda/fonts/Ubuntu-L.ttf', name='Ubuntu', style='normal', variant='normal', weight=300, stretch='normal', size='scalable')) = 10.43
2025-10-11 15:06:13,451-DEBUG-findfont: score(FontEntry(fname='/opt/conda/fonts/SourceCodePro-BlackIt.ttf', name='Source Code Pro', style='italic', variant='normal', weight=900, stretch='normal', size='scalable')) = 11.24
2025-10-11 15:06:13,451-DEBUG-findfont: score(FontEntry(fname='/usr/share/fonts/opentype/urw-base35/URWGothic-Book.otf', name='URW Gothic', style='normal', variant='normal', weight=400, stretch='normal', size='scalable')) = 10.335
2025-10-11 15:06:13,451-DEBUG-findfont: score(FontEntry(fname='/usr/share/fonts/opentype/urw-base35/URWBookman-Light.otf', name='URW Bookman', style='normal', variant='normal', weight=300, stretch='normal', size='scalable')) = 10.43
2025-10-11 15:06:13,451-DEBUG-findfont: score(FontEntry(fname='/usr/share/fonts/opentype/urw-base35/URWBookman-Demi.otf', name='URW Bookman', style='normal', variant='normal', weight=600, stretch='normal', size='scalable')) = 10.145
2025-10-11 15:06:13,451-DEBUG-findfont: score(FontEntry(fname='/opt/conda/fonts/Inconsolata-Regular.ttf', name='Inconsolata', style='normal', variant='normal', weight=400, stretch='normal', size='scalable')) = 10.335
2025-10-11 15:06:13,452-DEBUG-findfont: score(FontEntry(fname='/usr/share/fonts/truetype/liberation/LiberationMono-Italic.ttf', name='Liberation Mono', style='italic', variant='normal', weight=400, stretch='normal', size='scalable')) = 11.335
2025-10-11 15:06:13,452-DEBUG-findfont: score(FontEntry(fname='/usr/share/fonts/opentype/urw-base35/NimbusRoman-BoldItalic.otf', name='Nimbus Roman', style='italic', variant='normal', weight=700, stretch='normal', size='scalable')) = 11.05
2025-10-11 15:06:13,452-DEBUG-findfont: score(FontEntry(fname='/usr/share/fonts/opentype/urw-base35/URWBookman-DemiItalic.otf', name='URW Bookman', style='italic', variant='normal', weight=600, stretch='normal', size='scalable')) = 11.145
2025-10-11 15:06:13,452-DEBUG-findfont: score(FontEntry(fname='/usr/share/fonts/opentype/urw-base35/URWGothic-DemiOblique.otf', name='URW Gothic', style='oblique', variant='normal', weight=600, stretch='normal', size='scalable')) = 11.145
2025-10-11 15:06:13,452-DEBUG-findfont: score(FontEntry(fname='/usr/share/fonts/truetype/lato/Lato-Italic.ttf', name='Lato', style='italic', variant='normal', weight=400, stretch='normal', size='scalable')) = 11.335
2025-10-11 15:06:13,452-DEBUG-findfont: score(FontEntry(fname='/usr/share/fonts/truetype/lato/Lato-MediumItalic.ttf', name='Lato', style='italic', variant='normal', weight=500, stretch='normal', size='scalable')) = 11.24
2025-10-11 15:06:13,452-DEBUG-findfont: score(FontEntry(fname='/opt/conda/fonts/Ubuntu-RI.ttf', name='Ubuntu', style='italic', variant='normal', weight=400, stretch='normal', size='scalable')) = 11.335
2025-10-11 15:06:13,452-DEBUG-findfont: score(FontEntry(fname='/opt/conda/fonts/UbuntuMono-RI.ttf', name='Ubuntu Mono', style='italic', variant='normal', weight=400, stretch='normal', size='scalable')) = 11.335
2025-10-11 15:06:13,452-DEBUG-findfont: score(FontEntry(fname='/usr/share/fonts/opentype/urw-base35/NimbusSansNarrow-Regular.otf', name='Nimbus Sans Narrow', style='normal', variant='normal', weight=400, stretch='condensed', size='scalable')) = 10.535
2025-10-11 15:06:13,452-DEBUG-findfont: score(FontEntry(fname='/usr/share/fonts/truetype/lato/Lato-Regular.ttf', name='Lato', style='normal', variant='normal', weight=400, stretch='normal', size='scalable')) = 10.335
2025-10-11 15:06:13,452-DEBUG-findfont: score(FontEntry(fname='/usr/share/fonts/opentype/urw-base35/P052-Roman.otf', name='P052', style='normal', variant='normal', weight=400, stretch='normal', size='scalable')) = 10.335
2025-10-11 15:06:13,452-DEBUG-findfont: score(FontEntry(fname='/usr/share/fonts/opentype/urw-base35/C059-Italic.otf', name='C059', style='italic', variant='normal', weight=400, stretch='normal', size='scalable')) = 11.335
2025-10-11 15:06:13,452-DEBUG-findfont: score(FontEntry(fname='/usr/share/fonts/opentype/urw-base35/NimbusSans-Bold.otf', name='Nimbus Sans', style='normal', variant='normal', weight=700, stretch='normal', size='scalable')) = 10.05
2025-10-11 15:06:13,452-DEBUG-findfont: score(FontEntry(fname='/usr/share/fonts/opentype/urw-base35/C059-Bold.otf', name='C059', style='normal', variant='normal', weight=700, stretch='normal', size='scalable')) = 10.05
2025-10-11 15:06:13,452-DEBUG-findfont: score(FontEntry(fname='/opt/conda/fonts/SourceCodePro-ExtraLight.ttf', name='Source Code Pro', style='normal', variant='normal', weight=200, stretch='normal', size='scalable')) = 10.525
2025-10-11 15:06:13,453-DEBUG-findfont: score(FontEntry(fname='/opt/conda/fonts/UbuntuMono-BI.ttf', name='Ubuntu Mono', style='italic', variant='normal', weight=700, stretch='normal', size='scalable')) = 11.05
2025-10-11 15:06:13,453-DEBUG-findfont: score(FontEntry(fname='/usr/share/fonts/truetype/liberation/LiberationMono-Bold.ttf', name='Liberation Mono', style='normal', variant='normal', weight=700, stretch='normal', size='scalable')) = 10.05
2025-10-11 15:06:13,453-DEBUG-findfont: score(FontEntry(fname='/opt/conda/fonts/UbuntuMono-R.ttf', name='Ubuntu Mono', style='normal', variant='normal', weight=400, stretch='normal', size='scalable')) = 10.335
2025-10-11 15:06:13,453-DEBUG-findfont: score(FontEntry(fname='/opt/conda/fonts/SourceCodePro-Regular.ttf', name='Source Code Pro', style='normal', variant='normal', weight=400, stretch='normal', size='scalable')) = 10.335
2025-10-11 15:06:13,453-DEBUG-findfont: score(FontEntry(fname='/opt/conda/fonts/SourceCodePro-BoldIt.ttf', name='Source Code Pro', style='italic', variant='normal', weight=700, stretch='normal', size='scalable')) = 11.05
2025-10-11 15:06:13,453-DEBUG-findfont: score(FontEntry(fname='/opt/conda/fonts/SourceCodePro-MediumIt.ttf', name='Source Code Pro', style='italic', variant='normal', weight=500, stretch='normal', size='scalable')) = 11.24
2025-10-11 15:06:13,453-DEBUG-findfont: score(FontEntry(fname='/usr/share/fonts/truetype/liberation/LiberationSans-Italic.ttf', name='Liberation Sans', style='italic', variant='normal', weight=400, stretch='normal', size='scalable')) = 11.335
2025-10-11 15:06:13,453-DEBUG-findfont: score(FontEntry(fname='/usr/share/fonts/truetype/liberation/LiberationSerif-BoldItalic.ttf', name='Liberation Serif', style='italic', variant='normal', weight=700, stretch='normal', size='scalable')) = 11.05
2025-10-11 15:06:13,453-DEBUG-findfont: score(FontEntry(fname='/usr/share/fonts/truetype/liberation/LiberationMono-BoldItalic.ttf', name='Liberation Mono', style='italic', variant='normal', weight=700, stretch='normal', size='scalable')) = 11.05
2025-10-11 15:06:13,453-DEBUG-findfont: score(FontEntry(fname='/usr/share/fonts/truetype/lato/Lato-Black.ttf', name='Lato', style='normal', variant='normal', weight=900, stretch='normal', size='scalable')) = 10.24
2025-10-11 15:06:13,453-DEBUG-findfont: score(FontEntry(fname='/usr/share/fonts/opentype/urw-base35/NimbusSansNarrow-Bold.otf', name='Nimbus Sans Narrow', style='normal', variant='normal', weight=700, stretch='condensed', size='scalable')) = 10.25
2025-10-11 15:06:13,453-DEBUG-findfont: score(FontEntry(fname='/opt/conda/fonts/SourceCodePro-Light.ttf', name='Source Code Pro', style='normal', variant='normal', weight=300, stretch='normal', size='scalable')) = 10.43
2025-10-11 15:06:13,453-DEBUG-findfont: score(FontEntry(fname='/usr/share/fonts/opentype/urw-base35/NimbusSansNarrow-BoldOblique.otf', name='Nimbus Sans Narrow', style='oblique', variant='normal', weight=700, stretch='condensed', size='scalable')) = 11.25
2025-10-11 15:06:13,453-DEBUG-findfont: score(FontEntry(fname='/usr/share/fonts/truetype/liberation/LiberationSerif-Bold.ttf', name='Liberation Serif', style='normal', variant='normal', weight=700, stretch='normal', size='scalable')) = 10.05
2025-10-11 15:06:13,453-DEBUG-findfont: score(FontEntry(fname='/opt/conda/fonts/Ubuntu-MI.ttf', name='Ubuntu', style='italic', variant='normal', weight=500, stretch='normal', size='scalable')) = 11.24
2025-10-11 15:06:13,454-DEBUG-findfont: score(FontEntry(fname='/opt/conda/fonts/Inconsolata-Bold.ttf', name='Inconsolata', style='normal', variant='normal', weight=700, stretch='normal', size='scalable')) = 10.05
2025-10-11 15:06:13,454-DEBUG-findfont: score(FontEntry(fname='/usr/share/fonts/opentype/urw-base35/NimbusMonoPS-Regular.otf', name='Nimbus Mono PS', style='normal', variant='normal', weight=400, stretch='normal', size='scalable')) = 10.335
2025-10-11 15:06:13,454-DEBUG-findfont: score(FontEntry(fname='/usr/share/fonts/truetype/liberation/LiberationSerif-Regular.ttf', name='Liberation Serif', style='normal', variant='normal', weight=400, stretch='normal', size='scalable')) = 10.335
2025-10-11 15:06:13,454-DEBUG-findfont: score(FontEntry(fname='/usr/share/fonts/opentype/urw-base35/NimbusSans-BoldItalic.otf', name='Nimbus Sans', style='italic', variant='normal', weight=700, stretch='normal', size='scalable')) = 11.05
2025-10-11 15:06:13,454-DEBUG-findfont: score(FontEntry(fname='/usr/share/fonts/opentype/urw-base35/URWGothic-Demi.otf', name='URW Gothic', style='normal', variant='normal', weight=600, stretch='normal', size='scalable')) = 10.145
2025-10-11 15:06:13,454-DEBUG-findfont: score(FontEntry(fname='/usr/share/fonts/opentype/urw-base35/NimbusRoman-Regular.otf', name='Nimbus Roman', style='normal', variant='normal', weight=400, stretch='normal', size='scalable')) = 10.335
2025-10-11 15:06:13,454-DEBUG-findfont: score(FontEntry(fname='/usr/share/fonts/opentype/urw-base35/NimbusMonoPS-BoldItalic.otf', name='Nimbus Mono PS', style='italic', variant='normal', weight=700, stretch='normal', size='scalable')) = 11.05
2025-10-11 15:06:13,454-DEBUG-findfont: score(FontEntry(fname='/usr/share/fonts/truetype/lato/Lato-Medium.ttf', name='Lato', style='normal', variant='normal', weight=500, stretch='normal', size='scalable')) = 10.24
2025-10-11 15:06:13,454-DEBUG-findfont: score(FontEntry(fname='/usr/share/fonts/truetype/lato/Lato-Bold.ttf', name='Lato', style='normal', variant='normal', weight=700, stretch='normal', size='scalable')) = 10.05
2025-10-11 15:06:13,454-DEBUG-findfont: score(FontEntry(fname='/usr/share/fonts/truetype/lato/Lato-HairlineItalic.ttf', name='Lato', style='italic', variant='normal', weight=250, stretch='normal', size='scalable')) = 11.4775
2025-10-11 15:06:13,454-DEBUG-findfont: score(FontEntry(fname='/opt/conda/fonts/SourceCodePro-LightIt.ttf', name='Source Code Pro', style='italic', variant='normal', weight=300, stretch='normal', size='scalable')) = 11.43
2025-10-11 15:06:13,455-DEBUG-findfont: score(FontEntry(fname='/opt/conda/fonts/SourceCodePro-ExtraLightIt.ttf', name='Source Code Pro', style='italic', variant='normal', weight=200, stretch='normal', size='scalable')) = 11.525
2025-10-11 15:06:13,455-DEBUG-findfont: score(FontEntry(fname='/usr/share/fonts/opentype/urw-base35/NimbusSans-Regular.otf', name='Nimbus Sans', style='normal', variant='normal', weight=400, stretch='normal', size='scalable')) = 10.335
2025-10-11 15:06:13,455-DEBUG-findfont: score(FontEntry(fname='/usr/share/fonts/truetype/lato/Lato-HeavyItalic.ttf', name='Lato', style='italic', variant='normal', weight=800, stretch='normal', size='scalable')) = 11.145
2025-10-11 15:06:13,455-DEBUG-findfont: score(FontEntry(fname='/opt/conda/fonts/SourceCodePro-SemiboldIt.ttf', name='Source Code Pro', style='italic', variant='normal', weight=600, stretch='normal', size='scalable')) = 11.145
2025-10-11 15:06:13,455-DEBUG-findfont: score(FontEntry(fname='/usr/share/fonts/opentype/urw-base35/URWBookman-LightItalic.otf', name='URW Bookman', style='italic', variant='normal', weight=300, stretch='normal', size='scalable')) = 11.43
2025-10-11 15:06:13,455-DEBUG-findfont: score(FontEntry(fname='/usr/share/fonts/truetype/liberation/LiberationSans-Bold.ttf', name='Liberation Sans', style='normal', variant='normal', weight=700, stretch='normal', size='scalable')) = 10.05
2025-10-11 15:06:13,455-DEBUG-findfont: score(FontEntry(fname='/opt/conda/fonts/SourceCodePro-Bold.ttf', name='Source Code Pro', style='normal', variant='normal', weight=700, stretch='normal', size='scalable')) = 10.05
2025-10-11 15:06:13,455-DEBUG-findfont: score(FontEntry(fname='/usr/share/fonts/truetype/liberation/LiberationSans-Regular.ttf', name='Liberation Sans', style='normal', variant='normal', weight=400, stretch='normal', size='scalable')) = 10.335
2025-10-11 15:06:13,455-DEBUG-findfont: score(FontEntry(fname='/opt/conda/fonts/SourceCodePro-It.ttf', name='Source Code Pro', style='italic', variant='normal', weight=400, stretch='normal', size='scalable')) = 11.335
2025-10-11 15:06:13,455-DEBUG-findfont: score(FontEntry(fname='/usr/share/fonts/opentype/urw-base35/P052-Bold.otf', name='P052', style='normal', variant='normal', weight=700, stretch='normal', size='scalable')) = 10.05
2025-10-11 15:06:13,455-DEBUG-findfont: score(FontEntry(fname='/opt/conda/fonts/SourceCodePro-Medium.ttf', name='Source Code Pro', style='normal', variant='normal', weight=500, stretch='normal', size='scalable')) = 10.24
2025-10-11 15:06:13,455-DEBUG-findfont: score(FontEntry(fname='/usr/share/fonts/truetype/liberation/LiberationSerif-Italic.ttf', name='Liberation Serif', style='italic', variant='normal', weight=400, stretch='normal', size='scalable')) = 11.335
2025-10-11 15:06:13,455-DEBUG-findfont: score(FontEntry(fname='/usr/share/fonts/opentype/urw-base35/C059-BdIta.otf', name='C059', style='italic', variant='normal', weight=700, stretch='normal', size='scalable')) = 11.05
2025-10-11 15:06:13,455-DEBUG-findfont: score(FontEntry(fname='/usr/share/fonts/truetype/lato/Lato-LightItalic.ttf', name='Lato', style='italic', variant='normal', weight=300, stretch='normal', size='scalable')) = 11.43
2025-10-11 15:06:13,456-DEBUG-findfont: Matching sans\-serif:style=normal:variant=normal:weight=bold:stretch=normal:size=10.0 to DejaVu Sans ('/opt/base-uv/.venv/lib/python3.12/site-packages/matplotlib/mpl-data/fonts/ttf/DejaVuSans-Bold.ttf') with score of 0.050000.
